node,edge0,edge1,edge2,edge3,edge4,edge5,edge6,edge7,edge8,edge9,edge10,edge11,edge12,edge13,edge14,edge15,edge16,edge17,edge18,edge19,edge20,edge21,edge22,edge23,edge24,edge25,edge26,edge27
0,60,455,351,526,153,898,141,359,344,154,750,535,269
1,32,943,37,655,202,105,599,601,694,475,85,24,619,485,200
2,514,926,299,253,923,20,276,360,96,225,301,437,10,937,896,683,129
3,927,348,708,81,940,18,490,211,364,502,434,76,12,965,170,220,567,333,594,912
4,684,972,988,407,192,971,138,306,593,929,199,561,216,489,32,963,943
5,583,911,811,393,477,809,389,151,155,264,909,588,832,279,117,215,748,783,625,808,143
6,688,571,529,856,878,727,731,241,214,759,862,355,421,821,75,15
7,176,222,315,436,721,756,757,656,451,685,564,466,527,921,732,435,511,217
8,932,801,693,384,141,344,631,391,990,541,584,310,92,817,820
9,124,452,146,966,382,304,782,357,404,343,525,838
10,299,253,923,20,276,360,96,225,301,437,937,896,683,129,16,754
11,641,178,954,910,86,644,517,509,136,43,518,718,781,159,920,242,261,521
12,927,348,708,81,940,18,211,364,502,434,965,170,333,594,175,912,416
13,200,330,834,268,232,885,292,469,118,410,907,549,465
14,925,574,219,919,263,871,73,298,977,695,46,173,400,989,352,505,250,160
15,821,75,47,720,534,951,729,241,214,862,355,421,342,621,713
16,20,276,96,225,437,896,683,129,662,405,916,947,449,256,258
17,465,349,623,479,827,532,142,395,602,233,75,31,64,47,238,714,663,347,169
18,377,776,307,927,348,708,81,940,490,211,364,502,434,76,965,170,220
19,733,966,382,304,816,461,798,404,343,191,335,252,805,956
20,299,253,923,276,360,96,225,301,437,896,683,129,258
21,130,185,227,774,338,321,433,462,645,375
22,28,100,346,995,247,691,700,957,450,144,498,63,785,565,532,763,413,320,973,428,52,108,515,383
23,356,654,255,680,246,148,553,90,267,442,426,702,496,887,620
24,475,85,71,619,485,200,330,834,37,655,202,105,599,601
25,552,82,735,27,244,358,44,976,104,751,624,454
26,428,500,703,383,328,492,150,981,583,566,967,946,477,873,406,471,264,909,432,935
27,302,788,830,552,403,463,82,735,244,358,976,614,283
28,118,779,410,84,802,100,346,995,247,691,608
29,923,301,853,937,537,116,874,754,273
30,802,100,780,859,209,902,543,144,786,668,800,846,524,313,277
31,465,349,623,479,827,532,142,395,602,233,75,64,47,238,714,663,347,169,425
32,561,216,963,943,37,655,988,407,192,138,306,929,199
33,791,388,590,537,497,430,121,642,177,592,556,807,116,686,607,157,570,874,179,604,994
34,404,343,252,525,956,969,589,616,867,726,516,728,149,637,600
35,627,734,94,660,206,861,591,852,746,165,161,440,308,715,690,758,804,609,850
36,824,941,863,340,281,869,901,839,980,776,307,42,696,379,490
37,943,655,202,105,601,475,85,619,485
38,282,311,187,793,991,167,212,629,987,758,804,194,418,764,522,95,184,74,229,385,950,289,126
39,646,948,345,195,481,569,236,559,915,999,762,324,755,88
40,630,709,815,402,189,837,738,302,849,961,552
41,224,99,387,857,394,635,148,553,90,267,442,426,236
42,824,340,281,869,901,309,839,980,354,696,203,379,300,741,979,401,180
43,644,205,517,337,509,136,610,681,970,822,466,159,920,242,261,521,331,176,222
44,961,552,82,735,286,244,358,145,104,751,624,193,454
45,662,405,916,947,449,256,339,424,287,719,417,632,974,998,577
46,94,660,206,861,591,219,53,263,871,73,977,695,400,989,352,505,250,160,229,385,950
47,799,827,142,395,821,233,75,720,714,663,534,951,425,55,166,729,241,355
48,754,916,947,840,256,420,993,339,424,941,863
49,669,558,894,453,721,757,451,564,530,678,89
50,971,174,593,113,992,78,767,102,59,295,906,288,674,890,201,319,443,120,942,133,396,828,445,747
51,988,784,960,407,192,386,138,306,58,929,327,803,707,103,199,323,952,514
52,700,957,450,144,498,63,785,565,763,413,320,554,973,428,500,108,515,383,583,566,967,911,477
53,618,959,977,400,352,250,160,522,95,539,184,74,229,385,950
54,112,392,813,544,290,318,210,83,329,848,899,545,833,326,796,369
55,238,720,714,663,347,534,169,389,425,151,166,729,949,778,825,588,70
56,204,429,819,251,305,676,866,749,270,872,135,316,698,286,145,705
57,91,473,982,275,611,503,789,934,855,448,931,574,919
58,784,960,687,439,386,876,306,327,803,707,836,103,460,467,213,323,97,952,520,682
59,113,992,78,767,69,102,903,295,906,288,579,643,890,443,133,445,747,80,787,633
60,455,351,526,932,141,344,930,647,269
61,358,976,614,283,378,334,218,185,227
62,918,649,729,778,239,653,487,381,621,713,860,740,743,679
63,100,995,247,691,700,957,450,144,498,785,565,532,763,413,320,973,428,500,108,515,383,64
64,247,691,957,498,565,479,532,602,108,515,238,911,811,393,809,389
65,775,560,850,478,447,370,197,706,852,746,165,161,440,308,715
66,114,314,380,370,996,317,670,197,666,126,237,745,701,187,793,706,167,560
67,397,812,463,459,614,283,843,483,378,573,266
68,908,538,958,724,648,769,473,627,503,850
69,742,528,113,78,767,402,422,312,102,903,295,906,288,249,579,109
70,714,663,347,811,809,169,389,425,151,155,166,949,778,825,588,117,748,783,596
71,692,810,475,85,619,617,608,330,834,118
72,325,350,985,499,546,390,480,409,653,531,381,740,722,243,373,92,139,536,817
73,734,94,660,206,861,591,219,263,871,977,695,989,352,505,250,160,229,385,950
74,212,629,987,198,758,804,194,418,609,764,522,95,184,229,385,950,206,977,793,991
75,799,827,142,395,821,233,720,534,241,214,355
76,776,307,708,81,940,490,364,502,434,965,806,170,220,567,978,226,333,594
77,642,592,116,607,874,273,179,604,468,994,152,491,895,322,132,372
78,875,606,353,399,174,593,742,528,113,992,767,402,422,312,102,903,295,288,579,890,443
79,121,698,438,807,686,157,570,705,482,864,913,124,196,474,888,452,146
80,133,396,828,445,747,787,131,633,906,598,575,140,457,293
81,377,776,307,927,348,708,940,490,211,364,502,434,965,170
82,738,849,961,788,830,552,403,463,735,244,358,976,104,751
83,112,392,345,544,290,195,318,210,329,848,899,582,762,326
84,779,410,802,100,346,995,617,608
85,475,619,485,200,608,330,834,655,202,105
86,643,641,178,954,910,644,517,509,518,106,718,781,159,920,242,261
87,578,164,204,429,819,251,305,676,866,749,270,388,872,135,430,121,698,556,438,807,686
88,582,762,324,831,755,657,724,612,91
89,678,248,550,235,672,736,636,576,451,685,564,744,814,900
90,356,654,190,680,246,148,119,553,267,955,829,442,426,504,224,586,99,620
91,769,473,982,275,611,503,934,831,724,648,612
92,243,373,139,817,820,499,546,390,480,391,932,801,693,384,631,584,310
93,910,851,843,573,644,892,205,337,509,136,968,257,610,681,970
94,627,275,503,934,734,660,931,206,861,591,219,263,871,695,440,308,715
95,766,212,629,285,938,172,987,198,194,418,764,522,539,184,229,385,950,977,991
96,299,253,923,276,360,225,301,437,896,683,129,258
97,876,707,836,460,467,213,323,952,520,682,578,975,332,164
98,365,599,694,540,258,508,572,719,417,632,662,794
99,224,387,857,394,613,635,891,148,553,267,442,426
100,779,802,346,859,995,700,450,498,565,846
101,605,784,875,606,960,687,439,399,876,303,528,630,709,836,460,467,815,213
102,742,767,422,312,903,295,906,288,579,109
103,784,192,386,138,306,929,327,803,707,199,323,952,514,926
104,961,552,735,316,286,244,358,145,751,624,193,454
105,655,202,365,599,601,694,540,485,200,368,268
106,787,131,633,518,718,781,643,641,493,234,408
107,813,168,814,900,773,511,796,710,208,369,248,685
108,247,691,700,957,450,498,565,479,532,763,320,602,515,383,238,583,911,811,393,809
109,903,288,249,579,643,397,812,870,459,178,954
110,462,645,296,581,595,675,374
111,333,594,175,930,647,584,310,965,170
112,392,813,544,290,318,210,329,848,771,545,833,326,796,369
113,972,875,606,353,971,174,593,742,992,767,295,674,890,201,319,443,120,133
114,447,314,380,370,996,670,197,845,530,563,877,737,879,547,237,701,775,560
115,506,361,371,912,416,325,350,985,499,546,390,409
116,791,853,590,937,537,497,642,592,607,874,273,179,604,468,152,491
117,215,748,783,625,596,143,156,271,811,393,809,389,151,155,825,588
118,779,410,907,346,619,608,330,834,232
119,922,886,637,190,680,626,711,955,829,504,818,586
120,216,674,489,963,890,201,319,443,942,133,122,396,828,445,971,174,593,992,692,810
121,251,676,866,749,270,388,872,135,430,698,177,556,438,807,686,157,570,705,482
122,561,216,489,963,201,319,942,396,828,692,810,475
123,524,313,234,408,277,513,865,207,844,548,780,209,902,543,703,597,492
124,570,482,452,146,966,382,304
125,368,794,127,761,551,777,419,688,486,571,712,529,856,878,727,731,719,417,632,998,661,650,725
126,380,370,996,317,670,197,666,282,311,187,793,706,746,161,167,212,690,758
127,200,368,268,794,232,885,292,761,551,777,469,419,688,486,571,601,694,540
128,519,640,841,265,341,297,884,789,855,622,223,448,925,891
129,299,253,923,276,360,225,301,437,896,683,754,405,916,947,256
130,751,624,193,454,858,185,774,580,433,375
131,445,747,787,633,906,598,575,140,457,293,800,493
132,874,273,604,468,993,152,491,322,372,824,340,281,869,901,309,839
133,674,489,890,201,319,443,942,396,828,445,971,174,593,992,767,906
134,792,188,470,278,230,423,772,997,739,914,664,806,427
135,204,429,819,251,305,676,866,749,270,872,316,698,286,438,145,705
136,644,205,517,337,509,610,681,970,822,466,159,920,242,261,521,176
137,415,336,652,893,883,444,260,659,484,962,495
138,988,784,407,192,386,306,929,327,803,199,561,943
139,243,373,536,817,820,531,381,740,722,679,507,826,760,881,280
140,598,575,457,293,786,668,800,493,445,787,633
141,455,526,932,801,384,359,344,154,750,990,535
142,465,349,623,799,479,827,395,602,233,238
143,279,215,783,625,808,562,917,889,156,897,271,634,658,638,832
144,859,209,902,543,700,450,498,785,565,763,413,320,554,973,428,500,703,383,328
145,872,735,316,286,751,624,193,454
146,482,864,913,196,474,888,452,966,510,304,782,357
147,974,577,650,725,924,770,412,704,506,287,927,348,211
148,356,654,255,680,246,553,267,442,426,224,620
149,516,476,728,291,637,446,600,431,905,936,956,969,568,665,616,867,726
150,554,428,500,703,597,328,492,981,566,367,946,873,272,406,699,471
151,238,714,663,347,811,393,809,169,389,425,155,166,949,825,588,748,783,596
152,874,273,604,468,993,491,322,824,281,869,901
153,639,512,455,351,163,526,898,765,359,154,501,997,716
154,455,351,526,898,359,344,501,750,535,854
155,238,911,663,347,811,393,809,169,389,425,949,825,588,748,783,625,596
156,748,783,625,596,808,889,271,362,658,638,842,933,603
157,388,497,430,642,177,592,556,438,807,686,607,570,179,994
158,372,733,309,839,816,461,354,203,191,335,300,741,805,979,401,180,677,847,568
159,718,781,920,242,261,521,517,509
160,861,591,574,219,919,263,871,298,977,695,173,400,989,352,505,250
161,706,852,746,165,167,440,308,715,690,758,804,609,734,660,187,793,775,560,478,197
162,928,622,557,882,944,262,254,494,376,795,651,173
163,797,639,512,336,652,893,765,501,484,905,936,997,716
164,467,213,520,578,975,204,429,819,251,305,676,866,749,270,388
165,706,852,746,167,440,308,715,690,758,804,609,734,187,793,775,560,850,478,197
166,720,714,663,347,534,169,951,425,729,949,778,825,588,748,918
167,706,746,212,308,715,690,758,804,194,609,282,187,793,560,478,996,670,666
168,813,329,814,900,773,511,796,710,208,369,248,685
169,238,714,663,347,811,393,809,534,389,425,949,778,825,588,748
170,348,708,940,211,364,502,434,965,220,567,333,594,175,912
171,671,274,723,587,284,880,945,984,768,595
172,280,458,181,790,868,766,629,285,938,615,198,418,764,522,539,184,618,667,991
173,944,262,254,494,628,376,363,795,651,523,298,400,989,250
174,684,972,605,875,353,971,593,992,767,561,216,674,489,963,890,201,319,443,942,396
175,333,594,647,584,310,502,434,965,499,912
176,242,261,521,464,331,456,222,315,517,509,610,466,217
177,791,388,590,537,497,430,642,592,556,807,686,607,570,874,179,604,994
178,643,812,870,641,954,910,851,843,644,518
179,497,430,642,592,556,686,607,570,874,273,604,468,994,895,322,372
180,309,839,980,354,696,203,379,300,741,979,401,677,739,914,664
181,280,458,790,868,766,285,938,615,539,964,697,585,294,618,667,536,826,760,881
182,860,743,231,823,507,881,259,362,933,603,667,458
183,279,366,562,917,897,547,946,873,406,699,471,909,432,832,730,935,877
184,766,629,285,938,987,198,194,418,764,522,539,229,385,950,977,991
185,334,227,774,338,321,433,462,645
186,228,962,414,640,495,928,297,622,883,394,444,613,635,659,891
187,282,793,706,746,212,715,690,758,804,609,380,370,996,317,670,197,666,560,478
188,792,470,278,291,446,230,423,772,905,936,997,716,847,739,568,914,665,664
189,630,709,815,402,837,738,302,849
190,922,356,886,637,680,626,955,829,504,488,589,496,867
191,733,816,461,798,404,343,354,203,335,252,805,979,401,677,956,847,568,665
192,684,972,988,784,407,386,306,929,327,803,199,561,943
193,316,286,751,624,864,454,858,580
194,212,629,690,987,198,758,804,418,609,764,522,229,385,950,206,282,311,793,991
195,374,392,646,948,345,544,318,210,481,569,848,762,326
196,705,482,864,913,474,888,858,752,510
197,447,314,380,370,996,670,666,879,706,852,746,775,560,478
198,458,766,629,285,938,615,987,418,764,522,539,229,385,667,991
199,988,407,386,306,929,327,803,561,943
200,485,834,368,268,794,232,885,655,202,599,601,694,540
201,216,674,489,963,890,319,443,942,396,828,445,971,593,992,767
202,655,365,599,601,694,540,485
203,733,309,839,816,354,335,300,741,805,979,401,677,847
204,578,429,819,251,305,676,866,749,270,872,698
205,910,851,843,573,644,517,337,509,968,257,610,681,970,555,822
206,734,660,861,591,219,263,871,977,695,352,505,250,715,690,758,804,609,229,385,950
207,493,313,234,408,513,865,844,753,548,904,464
208,732,435,533,771,511,796,710,369,813,814,685
209,802,780,859,902,543,785,413,554,973,428,500,703,524,277
210,392,813,544,290,318,329,848,899,582,833,326,369
211,927,348,708,364,502,434,965,770,704,506,912,416
212,690,987,758,804,418,609,764,522,229,385,282,311,793,991
213,960,439,876,303,707,630,836,460,467,323,520,578,975
214,571,529,856,878,727,731,241,759,862,355,421,342,821,951
215,279,783,625,808,562,917,889,897,634,477,264,909,832,935
216,561,674,489,963,943,319,942,972,988,407,971,593
217,904,669,558,464,331,456,222,436,721,756,757,656,451
218,976,614,283,483,378,266,334,892,986,671,227,274
219,934,734,660,931,861,591,574,919,263,871,695,989,352,505,250
220,940,490,502,434,965,806,567,978,226,333,594
221,964,541,697,585,835,294,689,717,618,959,628,363,523,790,868,615,539
222,521,464,331,456,315,436,721,756,757,656,451,610,466,435,511
223,265,341,297,884,789,855,622,448,925,919
224,387,857,394,635,246,553,267,442,426
225,299,253,923,276,360,301,437,896,683,258
226,792,594,930,490,806,567,427,978
227,334,338,321,462,645
228,962,414,640,495,928,297,387,883,394,444,613,635,891
229,629,987,758,804,418,609,764,522,385,950,871,977,352,991
230,792,470,278,291,446,423,772,905,936,997,716,639,512,739,914,664
231,860,740,743,679,823,507,881,259,487,381,649,362,842,933
232,330,834,368,268,885,292,469,907,549,465
233,465,349,623,799,479,827,532,395,602,238,714,663,347
234,293,493,524,313,408,277,513,865,844,753,548,780
235,678,248,550,672,736,636,576,564,530,744,814,900
236,948,255,542,481,569,426,559,915,999,755,398
237,658,638,745,701,366,808,562,917,889,897,634,547,314,380,370,996,317,670,877,879
238,479,532,602,714,663,347,811,393,809,389,425,949,825,588
239,409,653,531,421,342,621,713,951,918
240,953,939,983,245,472,488,702,496,620
241,571,529,856,878,759,862,355,421,799,827,821,720
242,718,781,920,261,521,331,517,509
243,373,536,817,531,487,381,740,722,679,507,826,760,881,280
244,961,552,403,735,358,976,751,624
245,858,580,752,510,953,939,983,472,488,702
246,356,654,255,680,553,267,442,426,702,496,887,620
247,346,995,465,349,623,691,700,957,498,565,479,532,602
248,678,550,672,736,636,576,656,451,685,564,744,814,900
249,402,422,312,579,302,788,830,397
250,263,871,298,977,695,400,989,352,505,950
251,578,429,819,305,676,866,749,270,872,698
252,733,966,382,304,816,461,798,404,343,335,805,956,568,616
253,514,299,923,276,360,301,437,896,683
254,689,717,557,882,944,262,494,628,376,363,795,651,523
255,948,654,542,426,675,887
256,683,405,916,947,449,339,424,287
257,573,892,986,337,671,968,681,723,970,555,587,822
258,365,599,694,540,508,572,719,437,662
259,289,842,933,603,667,282,311,991,629
260,336,652,893,765,883,444,659,484,962,495,928
261,718,781,920,521,331,644,517,509,610
262,854,689,717,557,882,944,628,376,363,795,651,523
263,734,660,861,591,871,977,695,989,352,505,609,950
264,583,566,967,911,946,393,477,406,909,432,832,935,279,783,625,808
265,519,841,982,341,884,789,855,448,755,398,857,657,612
266,614,283,843,483,378,573,892,986,671,968,274
267,356,654,680,553,955,829,442,426,504,586,620
268,485,368,794,885,292,761,551,469,419,688,599,601,694,540,907
269,792,930,639,512,455,351,526,898
270,578,429,819,305,676,866,749,872,316,698,438
271,748,783,625,596,808,889,634,658,638,842,933,603
272,597,492,981,367,946,873,406,699,471,730,904,894,453
273,537,497,642,592,607,874,604,468,994,491,322,372
274,378,892,986,671,968,723,587,284,880,945,984
275,769,473,982,627,611,503,934,855,931
276,514,299,923,360,301,437,937,896,683
277,293,800,846,493,524,313,408,513,780,859,902,543
278,476,470,291,446,423,772,905,936,997,716,847,739,568,914,665,664
279,783,625,808,562,917,889,897,634,477,909,432,832,935
280,458,790,868,766,285,938,615,391,964,697,667,536,631,507,826,760,881
281,993,491,824,941,863,340,869,901,309,839,980,354,696,379,300,741
282,311,793,991,987,764,317,289,666
283,830,403,463,358,976,614,483,378,334
284,671,723,587,880,945,984,296,768,595
285,458,790,868,766,629,938,615,418,522,539,294,618,667,991
286,749,872,735,316,698,705,624
287,405,449,424,719,417,632,974,998,577,650,725
288,767,903,295,906,579,643,641,747,518
289,317,658,638,842,933,603,311
290,392,813,544,318,329,848,899,833,796,369
291,516,476,470,446,600,423,772,905,936,997,716,847,568,665,616
292,834,368,885,551,469,907,549,465,623,799,827
293,598,575,457,786,668,800,846,493,524,313,787,633
294,391,964,541,697,585,835,689,717,618,959,631,790,868,938,615,539
295,767,903,906,579,643,443,445,747,787
296,321,462,645,880,945,984,768,595
297,962,414,640,495,341,928,884,789,622,613,891
298,448,494,925,574,795,919,989,505
299,514,926,923,360,301,437,896,683
300,869,901,309,839,980,354,696,379,741,979,401,677,739,914,664
301,514,923,360,437,937,896,683,754
302,402,837,738,788,830,552,403,463
303,960,687,439,399,876,630,709,836,460,467,815
304,452,966,382,461,782,798,404,343,525
305,578,429,819,849,676,866,749,872,316,698
306,988,784,407,386,929,327,803,943
307,863,377,776,927,708,940,490
308,706,852,746,440,715,690,758,804,609,734,660,591,560,850,478
309,491,322,372,824,340,869,901,839,980,354,741,979,401
310,333,594,647,584,932,801,693,384,499,546,480
311,793,991,629,987,418,764,317,603
312,353,399,742,528,402,422,903,579
313,457,800,493,524,408,513,548,780,543
314,447,380,370,996,670,666,845,563,877,737,879,547,745,701,775,560
315,436,721,756,757,656,451,685,564,610,970,466,527,921,732,435,511
316,429,819,676,866,749,961,872,735,698,705,624
317,380,996,670,666,634,658,638,745,701
318,374,392,646,345,544,569,848,326
319,674,489,963,890,443,942,396,828,445,971,593,992,767
320,691,700,957,450,498,785,565,763,413,554,973,428,500,515,383,583
321,774,338,433,462,645,945
322,874,604,468,994,491,895,372,824,901,733
323,707,836,460,467,952,520,682,514,926,975,332
324,915,999,582,762,755,657,612,848
325,350,985,499,546,390,480,371,912,416,409,531
326,768,595,833,392,345,544
327,988,784,407,386,929,803,707,952
328,902,543,413,554,428,500,703,597,492,981,566,367,946,873,406
329,813,544,848,773,673,899,582,796,369
330,475,619,608,834,779,410
331,521,464,456,517,466,865,844,753
332,952,520,682,514,926,975,791,853,590,537
333,594,647,584,364,502,434,965,567,912
334,358,976,614,378
335,733,382,816,461,798,404,343,805,677,956,847,568,665,616
336,415,797,652,893,765,444,659,484
337,851,573,644,517,509,968,610,681,970,555,822
338,774,433,462,645,375
339,754,405,916,947,840,449,420,424,863
340,420,993,824,941,863,869,901,839,980,696,379
341,519,640,841,884,789,855,448,857,394,635,891
342,862,355,421,621,713,720,951,729
343,733,966,382,816,461,798,404,525,805,956
344,932,801,384,359,750,990,535
345,374,392,646,948,544,481,569,559
346,779,410,995,349,691,957,479,532
347,602,714,663,811,393,809,534,389,425,949,825,588,748
348,377,927,708,940,364,502,434,965,704,506
349,995,465,623,691,957,479,532,395,602
350,985,499,546,390,480,416,409,531
351,639,512,455,526,898,359,997,716
352,591,871,977,695,400,989,505,385,950
353,684,972,605,875,606,687,439,971,399,593,742,528,992,767,402,422
354,869,901,839,741,979,401,677,739,914
355,759,862,421,821,720,951,729
356,654,680,553,955,829,442,488,702,496,620
357,752,510,782,939,983,525,838,472
358,788,830,552,403,463,735,976,614,751
359,639,512,455,526,898,501,750,535
360,514,923,437,937,896,683
361,924,770,412,704,506,371,416,862,421
362,842,933,603,596,649,860,743,823
363,835,689,717,557,618,882,944,959,628,376,795,651,523,400
364,927,708,940,502,434,965,912
365,655,599,601,694,540,508,572
366,562,917,547,873,406,699,471,432,730,935,845,563,877,879
367,703,597,492,981,946,873,406,699,471,432,730,904,894
368,485,794,885,761,551,777,419,688,599,601,694,540,572
369,533,771,545,833,796,710,813
370,447,380,996,670,666,877,737,879,745,701,706,775,560,478
371,924,770,412,704,506,912,416
372,604,468,994,491,895,733,816
373,536,817,820,546,390,480,531,722,826,760,693,631
374,392,646,948,542,481,569,559,595
375,774,433,462,645,581
376,689,717,557,882,944,628,795,651,523,400
377,424,863,776,927,708,940
378,976,614,483,892,986,671
379,941,863,869,901,839,980,776,696,741,490,806
380,996,670,666,877,879,547,745,701,775
381,409,653,531,487,918,649,860,740,743,722,679,823,507,826,760,881,536
382,452,733,966,816,461,798,404,525
383,700,450,498,785,565,763,413,554,973,428,500,515,583,566,967,911,477
384,932,801,693,631,391,990,584,820
385,987,418,764,522,539,950,871,977,400,991
386,684,988,784,960,407,929,803,707,952
387,857,394,613,635,891,640,442,426
388,520,975,791,590,537,497,430,642,592,556,807,686,607
389,911,714,663,811,393,809,425,949,825,588,748,783
390,985,499,546,480,531,722,817,584
391,990,964,541,697,585,835,801,693,631,790,868,817,820
392,646,544,848
393,583,967,911,811,477,809,588,783,625
394,857,883,613,635,891,414,640
395,549,465,623,799,479,827,602
396,674,489,890,443,942,828,445,747,593,992,906,810,598
397,812,463,870,459,851,843,483
398,915,999,755,857,657,519,841
399,684,972,605,875,606,960,687,439,876,742,528,630,709,815,402,422
400,959,628,651,523,977,505,950
401,839,741,979,677,847,739,914,664
402,606,742,528,630,709,815,422
403,738,788,830,552,463,976,614
404,733,966,816,461,798,525,805,956
405,437,683,662,916,947,449,424,719,417,974,577
406,981,566,967,946,477,873,699,471,909,432,832,730,935
407,684,972,988,784,971,929,803,561,963,943
408,493,513,865,844,753,548
409,653,531,621,713,722,985
410,779,995,608,834
411,673,908,538,958,814,900,773,744,672,636
412,725,924,770,704,506,727,731,759,862
413,859,902,543,700,450,498,785,565,763,554,973,428,500,703,515,583,566
414,962,640,495,928,622,883,444,613,635,891
415,797,818,652,893,444,637,431,626,711
416,506,912,985
417,572,719,632,974,998,661,577,650,725,662,449,794,761,777,486,712
418,766,629,938,987,764,522,539,950,991
419,794,885,761,551,777,469,688,486,571,712,529,856,878,727,731,632,998,661,650
420,754,916,947,840,993,824,941,863
421,759,862,621,713,821,951
422,742,528,903,579
423,516,476,470,446,772,905,936,997,716,639,512,847,568,914,665
424,916,947,449
425,720,714,663,811,809,534,729,949,778,825,588,748
426,654,542,553,442
427,739,914,664,806,978,792
428,902,543,700,450,498,785,565,763,554,973,500,703,515,981,583,566,967
429,578,819,849,676,866,749,872
430,791,590,537,497,642,592,556,438,807,686,607,570,994
431,516,728,922,886,637,600,626,711,797,969,867,726
432,981,566,946,477,873,699,471,909,832,730,935,562,917
433,774,462,645,581
434,927,708,940,502,965,567,594,912
435,610,681,970,555,822,466,527,921,732,533,771,511,796,710,756
436,456,721,756,757,656,451,685,564,466,669,558
437,923,896,683,662
438,872,698,556,807,686,570,705,482
439,684,972,605,784,875,606,960,687,876,630,709,836,460,467,815
440,706,852,746,715,690,758,804,609,627,734,660,591,850,478
441,484,854,557,882,944,765,501
442,654,680,553,829,620
443,674,489,890,942,828,445,747,971,593,992,767,906
444,652,893,883,659,484,962,495,928
445,890,828,747,787,633,906,598,575
446,516,476,470,600,772,905,936,997,716,847,568,665,616
447,845,530,563,877,737,879,744,775,560,736,636,576
448,841,982,611,884,789,934,855,931,925,574,919
449,662,916,947,719,974,577
450,995,691,700,957,498,785,565,763,554,973,500,515
451,721,756,757,656,685,564,669,558,678,550
452,482,966
453,669,558,894,699,471,730,845,530,563,737
454,751,624,858,774,580
455,639,512,526,898,930
456,464,721,756,757,753,904,669
457,598,575,786,668,800,846,493,524,787,633
458,790,868,766,629,938,615,667,536,823,507,826,760,881
459,812,870,910,851,843,483,573
460,960,687,876,707,630,836,467,520,578
461,733,966,816,798,805,956
462,645,945
463,788,830,976,614
464,521,865,844,753,548
465,907,549,623,799,479,827,602,469
466,517,509,610,681,970,822,527,921,732,511,521,756
467,960,687,876,707,630,709,836,815,520,578
468,642,592,607,874,604,994,491,895
469,885,551,688,571,529,856,878,907,549,623,799,827,821
470,476,772,905,936,997,716,847,739,568,914,665,664
471,492,981,946,873,699,730,935
472,953,939,983,838,488,702,496,620
473,769,982,627,611,503,934,931,724,648,612
474,705,482,864,913,888,752,510,782
475,692,810,619,617,608
476,516,728,600,772,905,936,956,847,568,665,616,726
477,515,583,566,967,911,946,909,832,935
478,775,560,850,706,852,746,715,690
479,623,691,957,532,602
480,985,499,546,531,722,817,693,584
481,646,948,542,569,559,915,999
482,698,807,570,705,864,913,888
483,614,843,573,892,986,671
484,962,854,928,652,893,765,659,501
485,834,655,599,601,694,540
486,794,761,551,777,688,571,712,529,856,878,727,731,719,632,998,661,650,725
487,653,531,918,649,860,740,743,722,679,823,507,826,760,881
488,939,983,838,702,496,620,680
489,561,674,963,890,942,828,971,593,992
490,776,696,708,940,502,806,567,978
491,874,604,993,824,869,901,839
492,554,703,597,981,566,946,873,699,904
493,575,800,524,513,633,780
494,928,622,925,795,651
495,962,640,928,622,883,613,659
496,702,620,654,680
497,791,853,590,537,642,592,556,807,686,607,570,874,604,994
498,995,691,700,957,785,565,532,763,973,500,515
499,985,546,584
500,902,543,700,785,565,763,554,973,703,515,981,583,566,967
501,898,765,854
502,927,708,940,965,567,594,912
503,769,982,627,611,934,931,861
504,818,586,883,680,626,955,829
505,861,591,574,919,871,977,695,989
506,725,924,770,704,912
507,860,740,743,722,679,823,826,760,881,667,536
508,599,601,694,540,572,719,662,794
509,644,517,610,681,970,781,920,521
510,913,888,752,953,782,939,983,838
511,527,921,732,533,796,710,756,656,685,564
512,639,526,898,765,772,936,997,716
513,865,844,753,548
514,707,952,682,926,923
515,691,700,957,785,565,532,763,973,583,967,911
516,728,600,772,905,936,956,847,568,665,616,726
517,644,610,970,781,920,521
518,747,787,633,718,781,643,870,641,954
519,841,789,755,857,657,635
520,707,836,952,682,578,975
521,781,920,610,970
522,766,629,938,987,764,539,950,991
523,689,717,557,882,944,959,628,795,651
524,786,668,800,846,780,859,902,543
525,966,782,838,969,589
526,639,898,750,930
527,610,681,970,555,822,921,732,533,771
528,605,875,606,687,742,630,709,815
529,761,551,777,688,571,712,856,878,727,731,759,632,998,661,650,725,821
530,845,563,877,737,879,744,736,636,576
531,653,740,722,679,826,760,536,985
532,995,691,700,957,565,602
533,681,970,555,822,921,732,771,545,833,796,710
534,720,714,663,951,729,949,778,825
535,750,990,835,689,717
536,817,820,740,722,679,823,826,760,881
537,791,853,590,937,642,592,607,874
538,673,908,831,958,724,648,769,900,773
539,790,868,766,629,938,615,764,950,618,959,977,991
540,655,599,601,694,572,794
541,990,964,697,585,835,689,717,618,959,631,790,868,615,820
542,646,948,569,559,675,887
543,780,859,902,785,554,703,597
544,848
545,587,921,732,771,833,796,813
546,985,817,693,584
547,808,562,917,889,897,634,638,745,701,877,879,996,670
548,865,844,753,904
549,907,623,799,827,885
550,678,672,736,636,576,656,685,564,744,814,900
551,794,885,761,777,688,571,712,856,878,661
552,837,738,849,961,788,830,735,751
553,654,680,829,620
554,859,902,700,785,565,763,973,703,597,981,566
555,968,610,681,723,970,587,822,921,732,771
556,590,642,592,807,686,607,570,994
557,854,689,717,882,944,628,795,651
558,669,894,721,757
559,646,948,569,915,999,762,755
560,775,850,996,706,852,746,715
561,963,943,684,972,988,971,593,929
562,808,917,889,897,634,658,638,745,701,832,935
563,845,877,737,879
564,721,756,757,656,685,669,678
565,995,691,700,957,785,763,973
566,973,703,597,981,583,967,946,873,909,935
567,940,965,806,978,594,930,647
568,805,979,677,956,847,665,616,772
569,646,948,915,999,762
570,642,592,807,686,607,994
571,885,761,777,688,712,856,878,727,731,759,998,661,650,821
572,599,601,694,719,662,794
573,910,851,843,644,892,986,968
574,789,934,855,931,861,925,919,695,989
575,598,786,668,800,828,747,787,633
576,672,736,636,737,744,900
577,719,632,974,998,661,650,725,662,712
578,836,975,819,676,866,749
579,903,812,870
580,858,752,953,939,983
581,645,675,887
582,673,899,762,831,724,848
583,763,973,967,911,909,832
584,594,647,932,801,693
585,990,964,697,835,689,717,618,959,631,790,868,615,820
586,818,883,613,626,955,829
587,671,968,723,822
588,714,663,811,809,949,825,748,783,596
589,838,969,867,726,922,886,637
590,975,791,853,642,592,607,874
591,734,660,861,871,695,989,715,804,609
592,791,853,642,686,607,874,604,994
593,684,972,875,971,992,767,674,963,890,942,828
594,930,647,965,978
595,880,945,984,768
596,748,783,625,842,949,825
597,703,981,946,873,904
598,786,668,800,846,828,787,633
599,655,601,694,794
600,728,637,905,711,936,797,665,616,867,726
601,655,694,794
602,623,691,957
603,658,638,842,933
604,642,607,874,994,895
605,684,972,988,784,875,606,960,687,971,876,742
606,684,972,875,960,687,971,876,742,630,709
607,791,642,686,874,994,895
608,692,619,617,834,779
609,706,746,715,690,758,804,734,660,871,793
610,644,681,970,822,921,732
611,769,982,627,934,855,931
612,762,755,657,724,841,982
613,883,635,891,640
614,788,830,976
615,790,868,766,938,964,697,618,959
616,805,956,847,969,665,726,728
617,692,810,619,786,668,846,779
618,964,697,835,959,628,790,868,938
619,692,834
620,702,887,654,680
621,713,951,729,778,653,918
622,962,640,928,884
623,907,799,827
624,735,751,858
625,748,783,808,889,634,909,832
626,922,886,637,711,955,829,818,867
627,769,934,734,648,850
628,835,689,717,882,944,959,795,651
629,766,938,987,764,667,991
630,960,687,876,709,836,815,837
631,801,693,990,964,697,835,817,820,790,868
632,719,974,998,661,650,725,662,794,761,777,688,712
633,747,787,906
634,808,917,889,897,658,638,745,701
635,857,891,640,841
636,678,672,736,744,908,900
637,728,922,886,711,969,867,726
638,658,745,701,842,808,889,897
639,898,765,772,936,997,716
640,962,928,883,891
641,643,812,870,954,910,718,781
642,791,807,686,874,994
643,903,906,812,870,954,910,747,787,718
644,954,910,851,843,681,920
645,774
646,948
647,930,932
648,908,831,958,724,769
649,918,778,860,740,743,679,823
650,719,974,998,661,725,924,761,777,688,712,856,878,727,731
651,717,882,944,795
652,797,893,765,659
653,713,918,740,722,679
654,680,702,887
655,943,694
656,721,756,757,685,669,678
657,915,999,755,857,841,982
658,745,701,842,933,808,889,897
659,893,883,962,928
660,734,861,871,695,715,690,758,804
661,719,974,998,725,794,761,777,688,712,856,878,727,731
662,719,974
663,720,714,811,809,949,778,825,748
664,741,979,677,847,739,914,792
665,805,979,677,956,847,772,905
666,996,670,745,701,793,706
667,991,766,938,823,881
668,786,800,846,802,859
669,894,721,756,757
670,996,745,701,793,706
671,892,986,968,723,880
672,678,736,744,908,814,900
673,899,908,831,958,813,814,900,773
674,963,890,942,828,972,971,992,767
675,887,948
676,819,866,749,872,698
677,816,741,805,979,847,739,914
678,736,756,757,685,814,900
679,860,740,743,722,823,826,760,881
680,955,829,702
681,968,970,822,921,732
682,707,952,926,975,791,853
683,923,896,916,947
684,972,988,784,875,960,687,971
685,756,757,710,814
686,807,994
687,972,784,875,960,876,709,836,815
688,794,885,761,777,712,856,878,727,731,998
689,990,835,717,882,944,959
690,706,852,746,715,758,804,734,793
691,995,700,957,763
692,810,963,942,828
693,932,801,817,820
694,794
695,734,861,871,977,989,950
696,941,863,869,901,839,980,776,741
697,990,964,835,959,790,868,820
698,819,866,749,872,807,705,864
699,981,946,873,730,935,894
700,802,995,957,785,763,973
701,745,917,889,897,996,877
702,887
703,902,785,981,946
704,725,924,770
705,872,807,864,913,888
706,852,746,715,758,804,793,775,850,996
707,784,960,876,803,836,952
708,776,927,940,965
709,960,876,836,815,837
710,921,732,771,796,813,814
711,728,922,886,955,818,867,726
712,761,777,856,878,727,731,759,719,998,725
713,951,729,778,918
714,720,729,949,778,825
715,852,746,758,804,734,793
716,772,905,936,997,765
717,990,835,882,944,959
718,781,920,954
719,974,998,794,761,777
720,821,951,729,778
721,756,757
722,740,826,760,817
723,892,986,968,822
724,831,958,769,982
725,974,998,924,770,777,856,727,731,759
726,956,969,867,728,922
727,777,856,878,731,759,862,998,924,770
728,956,969,867
729,951,949,778,918
730,946,873,935,917
731,777,856,878,759,862,998,924,770
732,970,822,921,771,796
733,994,895,816,798,805
734,861,871,852,758,804
735,738,849,961,751
736,737,744,900
737,845,877,879,775
738,815,837,849,961,788,830
739,741,979,847,914,806,792
740,860,743,823,826,760,881,918
741,869,901,839,980,979,914
742,875,767
743,860,823,881,918
744,908,900
745,808,917,889,897,996
746,852,758,804,793,775,850
747,787,906
748,783,811,809,949,825
749,819,866,872
750,990,854,898
751
752,888,858,953,939,983
753,865,844
754,937,896,916,947,840,993
755,915,999,762,857,841
756,757
757
758,804,793
759,856,878,862,924,770,821
760,823,826,881,817
761,794,885,777,856,878,998
762,899,915,848
763,902,957,785,973
764,766,987,950,991
765,797,893
766,790,868,938,991
767,971,992,903,906,890
768,880,945,984
769,958
770,924
771,921,833,796,813
772,905,936,997
773,813,814,900,899,908,958
774
775,850,879,852
776,941,863,980,927,940
777,794,856,878,998
778,951,949,825,918
779,802,995
780,859,902,800,846
781,920
782,888,939,838
783,808,889,811,809,832
784,972,988,960,876,929,803
785,859,902,973
786,800,846,802
787,906
788,830,976
789,841,884,855,925,919
790,868,938,964,835,959,820
791,975,853
792,914,806,978
793,987,804
794,885
795,882,944
796,921,833,813
797,893,905,936
798,966,816,805,956
799,907,827,821
800,846
801,932,990,820
802,859,995,902,846
803,988,929,952
804
805,816,979,956,847
806,978
807
808,917,889,897,909,832,935
809,911,811,825
810,942,828
811,911,825
812,870,954,910,851,843
813,814,833
814,900,908
815,876,836,837
816,895
817,820,826,964
818,883,955,829
819,849,866,872
820,964
821,827,856,878,862
822,970,921
823,860,826,881
824,993,941,863,869,901,839,980
825,949
826,881
827
828,890,942,992
829,886,955
830,976
831,899,958
832,967,909,935,889
833
834,907
835,990,964,959
836,960,876
837,849,961
838,939,969
839,869,901,980,979
840,896,916,947,993,941,863
841,884,855,857
842,933
843,870,954,910,851,892
844,865,904
845,877,879
846,859
847,979,956,914
848,899
849,961
850,852
851,870,954,910,892
852
853,926,937,874
854,882,944
855,982,884,934,931,925,919
856,878,998
857,999,891
858,864,888,953,939,983
859,902
860,881,918
861,931,871,989
862,924,951
863,993,941,869,980
864,913,888
865
866,872
867,969,922,886
868,938,964,959
869,993,941,901,980
870,954,910
871,977,989,950
872
873,981,946,909,935
874,994,895
875,972,960,971
876,960
877,879,917
878
879,996
880,945,984
881
882,944
883,891,962
884,925
885,907
886,922,955,969
887
888,913
889,917,897
890,942,971,992
891
892,986,968
893
894
895,994
896,923,937,916,947
897,917
898
899
900,908
901,941,980
902,973
903,906
904
905,936,997
906
907
908,958
909,967,911,946,935
910,954
911,967
912,965
913
914,979
915,999
916,947
917,935
918,951
919,931,925,989
920
921,970
922,955,969
923,926,937
924
925,989
926,952,975
927,940,965
928,962
929,988,943
930,978
931,934,989
932
933
934,982
935,946
936,997
937
938,959
939,953,983
940,965
941,993,980
942,963,971,992
943,963,988
944
945,984
946,981,967
947
948
949
950,987,977
951
952,975
953,983
954
955
956,969
957,995
958
959,964
960,972,988
961
962
963,971
964,990
965
966
967,973
968,986
969
970
971,972,988,992
972,988,992
973
974,998
975
976
977
978
979
980
981
982
983
984
985
986
987,991
988
989
990
991
992
993
994
995
996
997
998
999
