512,936
514
900
4,192,216
518,870
519
525,966,782
14,574,173,352
173,494,376
528,875,630
530,737,744
21,130,227
22,100,957,383
537
31,349,47,238
34,252,525,728
547
38,991,758,950,289
39,345,999,762
40,630,961
42,824,354,379
555,723,732
558,894,721
47,951,241
560,852
264,911,946,832
564,721,685
568,665
58,960,803,323
60,141,269
61,378,227
574
577
579,870
68,648,503
69,528,906,579
584
258,599
77,116,994,132
906
591,609
85,619
86,644,518,242
599,601
601
186,495,394
94,503,591
609,758
611
100,779,859
618,938
619,692
110,374
957
116,537
630,960
119,922,829
123,408,209
127,761,469,601
128,519,448
448,611,574
130,193
132,824
135,429,698,145
136,644,466,242
140,293,445
141,154
143,832
145,735,193
146,482,966,782
148,356,426
25,735
664,914
153,512,154
154,854
157,388,994
158,816,354,568
673,831,813,900
164,429,388
796,813
685
174,875,992,216
692,828
182,881,362
381,722,881
722
698
192,803
193
118,779,907,619
198,938,991
631,820
717
721
210,813,848,326
723,892
728
731,856,862,770
732,796
221,717,618
222,464,721,466
735,961
737
226,806
227
209,859,500
744,900
748,809,949
237,547,370,317
238,809,949
239,951
752,939
241,856,862
242
758
761,856
762,848
252,966,816,568
770
260,893,495
776
778,951,949
779
269,512
782,939
216
280,938,631,881
644
284,723,945
289,317,842
803
293
806
809,911
813
816
648,831
307,776
820
317,666
310,584
824
828,992
829
831
832
323,514
325,390
326,345
328,500,946
842
482,698
848
852
854
856
345,374
859
349,957
862,951
352,591,950
354,914
356,829,496
870
362,842
875,960
573,644,892
881
370,666,737,560
374
376,717
378,892
379,776,806
892
893
894
383,500,911
387,394,426
388,537
390,722,584
905,936
394
907
398,999,519
911
914
665,905
408
922
666
415,893,431
417,577,761
936
426
939
429
431,728,922
945
946
949
950
951
441,854
445,828,906
960
961
966
459,870,573
464
612,762
466,732
469,856,907
471,946
472,939,496
991
992
994
999
494
495
496
500
503,611
506,770
938
