node,x,y,z
838,-0.9966014489,0.00593782928112,0.0821601742623
357,-0.993698681648,-0.103775004704,0.0423518416332
472,-0.989828238454,0.0209431983108,-0.140717592378
939,-0.985202929926,-0.125648412712,-0.116566132507
782,-0.984400371846,-0.133004684624,0.115176654656
488,-0.983319377716,0.120834670129,-0.135948460466
510,-0.979991783979,-0.198813921952,-0.009440750542
983,-0.979554971724,-0.103982303012,-0.172220027961
245,-0.972583019309,-0.0853228954281,-0.216338332403
589,-0.972410475746,0.148060204429,0.180266587373
240,-0.972055516044,0.0300115495534,-0.232824785238
496,-0.96846289966,0.168308345176,-0.18371693696
525,-0.967092652694,-0.0417589647955,0.250974082256
953,-0.962878673527,-0.137996945584,-0.231994618638
702,-0.959814617197,0.158222138465,-0.231779325039
752,-0.957083125756,-0.233819913732,-0.171231242287
9,-0.954235832413,-0.169676503047,0.246259741844
922,-0.951298319569,0.275167926876,0.138975246733
190,-0.949883767063,0.312153659803,0.0167607202083
969,-0.949731638598,0.13666784994,0.28165886004
886,-0.948786699419,0.297777283846,0.105510607201
146,-0.947833711859,-0.288233451378,0.136134977764
356,-0.94230092275,0.285465983066,-0.174866073028
620,-0.940367317462,0.224532418826,-0.255527887216
867,-0.93892359527,0.232234011122,0.253948511167
680,-0.936384340138,0.318312684111,-0.147856020093
888,-0.935733641088,-0.352346349572,0.015956280243
474,-0.930700644323,-0.364066842965,0.0353785883089
196,-0.930695477877,-0.365560345389,0.0130981425626
304,-0.928825829094,-0.196332440179,0.314223092947
580,-0.927026779034,-0.28212405263,-0.247037183195
637,-0.921513129742,0.30773249084,0.236884498848
34,-0.920158095292,0.112984682761,0.374891372441
858,-0.918937545865,-0.325764634569,-0.222331261103
913,-0.915231649002,-0.400782748707,0.0415236920668
119,-0.913513824433,0.403152707332,0.0544094398061
966,-0.912836183777,-0.223090981175,0.341994905964
626,-0.909831473623,0.400941682924,0.107016150649
23,-0.905005561696,0.284748432216,-0.316043135743
726,-0.903643724223,0.246498929699,0.350237487042
246,-0.899724138019,0.326988960737,-0.289092883036
955,-0.897191234311,0.441540243828,0.00949221552503
864,-0.896967040906,-0.441226455625,-0.027737021909
404,-0.894764780804,-0.100353152768,0.435115193669
829,-0.894759577454,0.444577949671,-0.0419016135679
452,-0.893590555008,-0.329108338045,0.305259925029
90,-0.892552527567,0.422640713368,-0.15724125711
382,-0.89234981967,-0.209274110107,0.399895168982
343,-0.889966760253,-0.0944531595534,0.446136488416
654,-0.888801531343,0.300262732385,-0.34622843532
267,-0.880488842278,0.427581464341,-0.204727843676
124,-0.879205036455,-0.370833078073,0.299134304416
711,-0.877750949887,0.414751049849,0.239864204546
431,-0.877277821171,0.361941643671,0.315248903341
482,-0.877164459161,-0.444469322375,0.181740290121
728,-0.875620702459,0.272884290939,0.398525468677
252,-0.872571373156,-0.0459722993103,0.486318564776
553,-0.871963341031,0.420016149123,-0.251528062797
798,-0.868654517953,-0.113978163687,0.482128931556
148,-0.868584070318,0.401002278504,-0.291133792997
956,-0.868111739093,0.0824047239671,0.4894808167
887,-0.867412193977,0.192321301073,-0.458921129274
19,-0.863477335709,-0.12736222609,0.488042778947
504,-0.860287739286,0.509772989063,-0.006041957888
79,-0.855590501767,-0.47591098022,0.203650760352
375,-0.85121580884,-0.145983452038,-0.504103638662
442,-0.851062853779,0.445355623653,-0.278119376166
616,-0.849653528262,0.177135920844,0.496700863155
461,-0.849452361051,-0.140945014753,0.508493057102
149,-0.849132588396,0.275845062779,0.450425741566
193,-0.843399744628,-0.465330570175,-0.268596968005
705,-0.839628777209,-0.541009532474,0.0482928799531
130,-0.836868080208,-0.353862848346,-0.417651650169
581,-0.835824268069,0.0270228316088,-0.548331614517
433,-0.833637926463,-0.201081791861,-0.514406376851
818,-0.833618825395,0.548984151608,0.0607951908554
600,-0.82991808837,0.330061552328,0.449772540592
335,-0.828436046952,-0.0479696799195,0.558025649875
774,-0.826696333957,-0.282931499264,-0.486336239803
454,-0.825598280682,-0.432145640246,-0.362818996955
586,-0.825192652816,0.564755236739,-0.010421531285
516,-0.813220148094,0.255722006874,0.522761174854
415,-0.81091236991,0.516924972558,0.274243871533
816,-0.806120577507,-0.148484359421,0.572819351565
624,-0.804604119418,-0.512635900203,-0.299694252262
255,-0.803494852392,0.30900678872,-0.508832808203
224,-0.800815401006,0.531232874052,-0.276561615264
675,-0.800296018929,0.162940750733,-0.577041241019
426,-0.798943785974,0.461003243147,-0.386218638418
805,-0.795468034296,-0.011641816564,0.605883713695
476,-0.791681023993,0.271747729978,0.547169377342
21,-0.78610524921,-0.254146830726,-0.563425173023
145,-0.779474601129,-0.585984865064,-0.221452216318
665,-0.779100822062,0.16175578633,0.605670681684
698,-0.778661506215,-0.625352214817,0.0511943958059
568,-0.774502995901,0.146445152276,0.615385185648
438,-0.771352422481,-0.605761171903,0.195112385426
41,-0.768354720222,0.547851449604,-0.330892449416
286,-0.768136116002,-0.622053555554,-0.151711177292
191,-0.767539477886,-0.0481900497973,0.639187663357
733,-0.766010720119,-0.226991102793,0.601417172947
99,-0.763973106815,0.578691201717,-0.285414759812
316,-0.755842177569,-0.642713444425,-0.124988123291
807,-0.755132954374,-0.594792880144,0.275673087097
542,-0.752152754862,0.33085499043,-0.569913334342
645,-0.747329012904,-0.152923917863,-0.646617059641
570,-0.746687355991,-0.55979908646,0.359281192385
135,-0.746623695272,-0.663861256657,-0.0429102501606
121,-0.741943481558,-0.641512997203,0.194887004681
895,-0.740837030923,-0.375787783297,0.556726176444
104,-0.740228461778,-0.577372031672,-0.344533541788
797,-0.734047765559,0.52201183565,0.434370258327
291,-0.73315814629,0.287609760883,0.616246507473
157,-0.732595539725,-0.571743538683,0.369341442501
56,-0.731916683712,-0.67905864524,-0.0563677605548
847,-0.729626446792,0.115841624791,0.673962881847
883,-0.729180821227,0.681791848534,0.0587809937547
387,-0.728333704863,0.640455743301,-0.243611278953
686,-0.727872179166,-0.58686883395,0.354664718481
110,-0.726162156453,0.048841042294,-0.685786464669
751,-0.725818334123,-0.560005062268,-0.399477253526
338,-0.723404633657,-0.221456126537,-0.653944126071
446,-0.719704052869,0.311466789549,0.620495378945
677,-0.718241750523,0.0308449376449,0.695109615548
994,-0.717462748642,-0.458463510998,0.524460116114
462,-0.716330365798,-0.155726911177,-0.680161698548
872,-0.715457397115,-0.698641068954,-0.00462273559449
158,-0.714959477368,-0.0860399988989,0.693851615485
336,-0.712160938789,0.586280572184,0.386137136189
185,-0.711909586394,-0.31985113122,-0.625203962445
905,-0.71104210843,0.399927294219,0.578340107011
44,-0.705964047476,-0.591260373973,-0.389905031822
652,-0.705611099702,0.609566269131,0.361305880821
179,-0.704346753205,-0.489757005474,0.513842122484
556,-0.698605290103,-0.611216904305,0.371973849258
936,-0.697835987359,0.418997726808,0.580918100661
321,-0.692601903329,-0.219581389147,-0.687085596593
372,-0.691645721421,-0.321524087769,0.646721313259
25,-0.691444021435,-0.558774781507,-0.457903820441
613,-0.691127879874,0.716554533785,-0.0942966265193
394,-0.689627644528,0.700594368,-0.183251857915
236,-0.684856929838,0.472073884236,-0.555083087001
893,-0.681148047794,0.638255774475,0.358701691292
137,-0.680255136541,0.694182171093,0.23529569173
444,-0.676264746065,0.712197489365,0.18825708319
203,-0.668427374764,-0.0708381235052,0.740396383652
270,-0.663336421068,-0.746716451609,0.0489829907362
635,-0.661031444657,0.721605252764,-0.205726246156
430,-0.659303274669,-0.64211296338,0.391165098482
979,-0.658395097101,-0.00182959632357,0.752670278868
749,-0.657638593543,-0.753066460685,0.0200595631424
423,-0.656898923957,0.352750440864,0.666371465607
177,-0.65613106151,-0.624707895819,0.423358093136
948,-0.65584794414,0.292090185451,-0.696093957545
735,-0.655637143735,-0.67723574026,-0.333903710476
772,-0.655437281242,0.357849711141,0.665090636376
659,-0.654268074625,0.722736185452,0.222678451506
244,-0.649584043908,-0.611866428333,-0.451287096846
891,-0.649391271156,0.746015270396,-0.147486247777
87,-0.649040567475,-0.740279458395,0.175307345114
866,-0.645701400328,-0.763279635826,0.0217692247892
260,-0.644219625957,0.714791037903,0.272130199841
470,-0.643298681572,0.281310379791,0.712061287046
676,-0.642926198601,-0.765177968813,0.0338906948301
857,-0.639665062483,0.668977821299,-0.378546275175
278,-0.638556975402,0.281683537548,0.716169933633
604,-0.638475043619,-0.472317501145,0.607672442018
33,-0.638055872194,-0.642766892074,0.423952151089
228,-0.637427339422,0.768595505755,-0.0542893681259
607,-0.63585060228,-0.577243969348,0.512331349257
468,-0.635158210392,-0.462226841472,0.618805619556
642,-0.634119984805,-0.633682737822,0.443100476931
77,-0.633540828503,-0.459001110392,0.622851506604
305,-0.629343044864,-0.7771239167,-0.00239791034761
227,-0.628950059886,-0.319820324533,-0.708616103532
414,-0.62587718805,0.77914236142,-0.0348557903165
251,-0.623509676942,-0.779893798526,0.0547845396112
640,-0.622275414499,0.779485862655,-0.0719381569914
163,-0.620295759074,0.592046694818,0.514503530046
188,-0.619009556305,0.268766916937,0.737964439227
296,-0.618207916632,-0.0205404077873,-0.785746182594
999,-0.616222372629,0.556951349459,-0.556843947446
186,-0.615950104443,0.787754700432,-0.00692825978941
322,-0.615821708862,-0.366905280959,0.69724037297
962,-0.615392160382,0.774039232095,0.148848097464
401,-0.613786639652,-0.000260991965418,0.789471907586
819,-0.613414867493,-0.788937666707,-0.036049388183
497,-0.610932761325,-0.65618132883,0.442930270849
559,-0.610456008596,0.473058619622,-0.635262940813
481,-0.60716329177,0.367865100816,-0.704292556207
646,-0.605479002146,0.292038389208,-0.740343675052
374,-0.603364876281,0.25536514321,-0.755473010573
592,-0.602051196474,-0.618503567169,0.504963062236
429,-0.601932452533,-0.798545510721,-0.00154592835677
204,-0.601042412898,-0.798924876901,0.0216115470476
716,-0.598970578787,0.468836080264,0.649174071871
961,-0.594836860263,-0.751098508358,-0.286391585797
997,-0.593460621328,0.461691628516,0.659276369281
915,-0.590599679934,0.528609742945,-0.609724329287
354,-0.589314761815,-0.0837316575918,0.803552811596
82,-0.588507725996,-0.684170757026,-0.43077724136
358,-0.584265525337,-0.606262634404,-0.539517760623
398,-0.574963523462,0.667453397167,-0.473204933722
230,-0.572057494645,0.34770665451,0.742866276815
61,-0.572021593477,-0.448358181636,-0.686852413227
388,-0.571546297331,-0.746456897764,0.340788687883
914,-0.570024008999,0.161502380406,0.805598914031
552,-0.56953407961,-0.732286873907,-0.373345505485
849,-0.569186071085,-0.7878962009,-0.235046363702
334,-0.568681701855,-0.451181539973,-0.687776373513
765,-0.568149302258,0.660176493786,0.491297636261
569,-0.567568598984,0.430708007175,-0.701681193992
495,-0.566924976249,0.818127146649,0.0962498998538
874,-0.566861814293,-0.545951397388,0.61693172652
39,-0.564846911095,0.493368695941,-0.66146450917
345,-0.559349009288,0.302714300486,-0.771681759594
309,-0.558622588253,-0.196003707666,0.805930115131
755,-0.557893349482,0.640694415803,-0.527508934676
664,-0.555730057071,0.169158086337,0.813971526219
273,-0.555190733721,-0.524816690145,0.645236926203
484,-0.551756851978,0.759606234503,0.344329413206
739,-0.547599529753,0.141719156867,0.824651705625
180,-0.547241565765,0.0133166655543,0.836868768157
164,-0.543811979117,-0.828821482248,0.131618699025
595,-0.535020100524,0.0363663360506,-0.844056266867
300,-0.532732657685,-0.0372022844184,0.845465496321
741,-0.531151981164,-0.0250438646905,0.84690635713
590,-0.530801249478,-0.713371980323,0.457548304818
945,-0.529744338491,-0.104901502139,-0.841645180992
839,-0.529396490476,-0.154726895824,0.834145636912
519,-0.52593675304,0.765300647572,-0.371086850518
578,-0.518524690363,-0.851183944463,0.0813513255683
132,-0.518384698109,-0.362644792307,0.774445646497
134,-0.518286766567,0.274256765155,0.81003830426
976,-0.517599850791,-0.582017645808,-0.627172906325
768,-0.517258560294,0.00997630047445,-0.855771029675
491,-0.516337787234,-0.39053878297,0.762151394718
639,-0.516055046022,0.53370957899,0.669956173768
880,-0.513923380272,-0.123906721658,-0.848840316866
928,-0.508848142579,0.852282957999,0.121191283919
116,-0.508847055058,-0.586971829477,0.629713225174
27,-0.507157346662,-0.675061543529,-0.535801584707
297,-0.50504119669,0.861078203843,-0.0589721672712
537,-0.504339423624,-0.681037587776,0.530876209502
512,-0.503089962497,0.533753410438,0.679711546526
42,-0.502156970482,-0.107494728451,0.858069496225
341,-0.499338317861,0.825984298859,-0.261555314136
153,-0.495987739541,0.610075402488,0.617903038919
984,-0.49492265705,-0.0922667460229,-0.864024543122
841,-0.4936689957,0.783418317529,-0.377553522621
791,-0.489373925745,-0.751331858779,0.44273423042
152,-0.476408755935,-0.433605173975,0.764866818714
657,-0.471244337637,0.71515766472,-0.516215351223
901,-0.467392301638,-0.235563173578,0.852088274549
501,-0.461595766147,0.754864552495,0.465949413629
403,-0.460595343888,-0.706578899035,-0.537213354847
195,-0.458456462805,0.347222354029,-0.81807964684
283,-0.456740011743,-0.55575116765,-0.694643218731
738,-0.455795070952,-0.82895500476,-0.324167323121
128,-0.453240440208,0.868806196945,-0.19937125046
975,-0.445262195843,-0.83894617241,0.312907169545
837,-0.44377815475,-0.862433549557,-0.243452915295
614,-0.441290608535,-0.566496112069,-0.695948815524
265,-0.440410938647,0.806235215538,-0.394997446
622,-0.439430704908,0.89733665814,0.0410801356172
281,-0.437474056334,-0.245517350044,0.865065130994
284,-0.434698782587,-0.133429137151,-0.890636645202
218,-0.430312946362,-0.433748299438,-0.791639552402
824,-0.427628234176,-0.308982731477,0.849507954633
869,-0.421582237888,-0.241708166028,0.873982596608
40,-0.420013491523,-0.864736239647,-0.275354140664
884,-0.419156165121,0.89082972733,-0.175301186949
274,-0.416697581943,-0.287408714187,-0.862414839976
792,-0.409865800329,0.262934618506,0.873427393726
762,-0.407534466825,0.566188255906,-0.716482042499
463,-0.407505009228,-0.685237966412,-0.60364608575
853,-0.404759344513,-0.720608090317,0.562933258209
324,-0.404514289982,0.624476604637,-0.668129597804
392,-0.402574935809,0.26936207331,-0.874858556865
441,-0.402137712721,0.817136259064,0.413005561863
788,-0.399771874681,-0.744245033991,-0.53505306054
830,-0.399261999512,-0.734562066419,-0.548642348278
326,-0.397150155465,0.171947620136,-0.901501952268
223,-0.396687286542,0.901134760082,-0.174915239097
378,-0.393288723028,-0.469750886743,-0.790353139263
318,-0.391803662951,0.350092790572,-0.85083777989
520,-0.389766570848,-0.887642020928,0.245303206118
351,-0.384013055136,0.57272695167,0.724236019759
427,-0.382673746727,0.227826845269,0.895352294988
671,-0.381631528785,-0.327336897031,-0.864411899547
898,-0.374882868806,0.645519634432,0.665407571522
544,-0.372890387803,0.318829269639,-0.871378594817
88,-0.36814062016,0.649378944509,-0.665416764304
189,-0.364906824031,-0.886896528209,-0.28329764917
789,-0.364516189169,0.892318122373,-0.266263621847
171,-0.363682460295,-0.116234448826,-0.924242728389
980,-0.363261947923,-0.123305023461,0.923491542127
213,-0.358683758962,-0.924964083047,0.125647945189
302,-0.354939173423,-0.816726329466,-0.454946464901
29,-0.353268799702,-0.667360603126,0.655614963644
340,-0.352826189578,-0.247809872837,0.902277089852
467,-0.350150674785,-0.935021107868,0.0559466959656
696,-0.3484192722,-0.0734336042988,0.934457873057
612,-0.346950094608,0.750689949515,-0.562219024534
854,-0.346159649507,0.842352548976,0.413056509798
83,-0.346073476194,0.376682265166,-0.859269236144
97,-0.33984937004,-0.914792185971,0.218306349359
269,-0.338524233841,0.477554114892,0.81076717401
379,-0.335172137311,-0.0507153587682,0.940790938921
332,-0.334159223268,-0.833590764575,0.439845485051
815,-0.329405860325,-0.929182672083,-0.167664370346
455,-0.328789744185,0.547348033661,0.769615120802
806,-0.328448172422,0.180126526949,0.927187269284
986,-0.327657719172,-0.383346706274,-0.863530961724
682,-0.326308553037,-0.867124091339,0.376322386305
359,-0.321563111639,0.682111592764,0.65675028759
836,-0.319081830119,-0.946834625655,0.0411214949719
526,-0.318917807409,0.593594137386,0.738875789412
266,-0.3187923359,-0.468908527311,-0.823708831801
460,-0.311544131903,-0.942463599322,0.121254351796
448,-0.30678722828,0.908365153402,-0.284173089243
162,-0.306587390996,0.938329055546,0.159821009886
483,-0.306565010644,-0.518843406641,-0.798009657607
848,-0.306311246573,0.462049712643,-0.832276085965
36,-0.303874062295,-0.156652780541,0.939744891241
993,-0.299903442708,-0.441714910693,0.845544713615
937,-0.296491418454,-0.681102979754,0.669471111963
855,-0.293563902683,0.89549219049,-0.334535456734
494,-0.292732200825,0.954307398846,0.0600437099747
630,-0.291269954526,-0.949917585244,-0.113218350258
709,-0.290120149349,-0.946986798803,-0.138008339731
303,-0.287010673491,-0.956785698281,-0.0467546881827
323,-0.286182900659,-0.915014408442,0.284337791568
154,-0.285767134008,0.723764972241,0.628093472405
941,-0.283425031032,-0.29387566244,0.912856695659
0,-0.273382181942,0.652958107724,0.706334122179
925,-0.258372884749,0.957830707616,-0.125713117751
982,-0.254347030176,0.821449815433,-0.510419228641
926,-0.25431108896,-0.846392331696,0.467916542642
876,-0.248572546082,-0.968610334622,0.00238935074823
67,-0.24608156739,-0.638790601688,-0.728965314255
582,-0.241270291165,0.56091244072,-0.791938053415
840,-0.23573277992,-0.48254502681,0.843552223382
210,-0.235546763495,0.35629478881,-0.904196740579
723,-0.234305921447,-0.210809029506,-0.949031236711
557,-0.234151180655,0.908989300815,0.344835722629
892,-0.233054751408,-0.422241213447,-0.876012465958
420,-0.231474542007,-0.456552222057,0.859057393274
754,-0.228690513788,-0.531822481779,0.815392848128
750,-0.22790400652,0.762126429966,0.6059893304
101,-0.227499542934,-0.971940139682,-0.0598023648415
978,-0.225871621545,0.252402784424,0.940890453239
587,-0.224357992571,-0.170881592754,-0.959407615369
112,-0.219934439102,0.253441895844,-0.942017010424
863,-0.215336422181,-0.265219460783,0.939834486973
882,-0.213135025656,0.9140519934,0.345083198953
54,-0.211371477602,0.305863569767,-0.928315450236
944,-0.209911177416,0.927738826894,0.308606491619
952,-0.208818252571,-0.910101455582,0.357924961327
226,-0.208101042204,0.257298319026,0.943658588293
930,-0.208100132332,0.42096332527,0.882884031853
707,-0.206933507643,-0.950369161522,0.232329464862
833,-0.204781978013,0.119766829843,-0.971452648332
795,-0.204127420839,0.968521518606,0.142471274501
249,-0.202144747547,-0.836690569065,-0.509005297297
968,-0.201143105971,-0.318623093748,-0.926294108289
899,-0.195461310863,0.519895007716,-0.831567229337
290,-0.187905868127,0.327586607056,-0.925947298501
57,-0.185950338932,0.904276190621,-0.384326739283
439,-0.1843045891,-0.982452047033,-0.0286320400612
402,-0.184023728079,-0.924994486752,-0.332446186596
397,-0.18123867429,-0.69501537947,-0.695777381956
514,-0.178677223798,-0.865332469632,0.468267195835
60,-0.178488943021,0.526760986616,0.831062308253
298,-0.172371349983,0.981239250108,-0.0863576965453
58,-0.172232171218,-0.963325055371,0.205769086338
687,-0.172028239337,-0.984063434082,-0.0450049172251
91,-0.171184558731,0.788475414562,-0.59076422326
459,-0.171096504543,-0.664158426591,-0.727749661986
919,-0.170035990804,0.969228041263,-0.178002151281
301,-0.169044908525,-0.721752772741,0.671190549652
254,-0.167903199182,0.950246977292,0.262372250536
48,-0.164765611059,-0.418631662348,0.893084444323
490,-0.159022903825,0.0420566214115,0.986378708537
545,-0.158760674314,0.0708333109712,-0.984772913086
257,-0.155490483334,-0.274799152838,-0.948845685658
262,-0.154415407045,0.931887750331,0.328239398685
960,-0.151459963681,-0.986833554507,0.0567398898562
399,-0.145388863214,-0.97361886244,-0.1758646899
611,-0.144347484929,0.875933206696,-0.460331207938
573,-0.142713462855,-0.469022432008,-0.871579500558
535,-0.141232485095,0.811279345761,0.567343994676
923,-0.141228809157,-0.775663886707,0.615142226094
574,-0.140272530975,0.965532263422,-0.219251146738
724,-0.140106534609,0.72030745234,-0.679358030101
776,-0.138897309973,-0.114545002261,0.983659991938
831,-0.137321830643,0.639629174935,-0.75631820909
329,-0.135571020005,0.377523592886,-0.916022071431
473,-0.131427567692,0.817654014128,-0.560507544669
422,-0.126290586316,-0.912360660679,-0.389420996678
651,-0.126254511589,0.969244976761,0.211243871691
567,-0.123511535801,0.207217618004,0.970466773935
76,-0.121688286086,0.119317699461,0.98537061435
934,-0.119755289388,0.894640194202,-0.430438838376
220,-0.118723295993,0.18918189946,0.974738420247
173,-0.118647177,0.988334662996,0.0954852936838
528,-0.116485235159,-0.954964230709,-0.272900179655
896,-0.112019018537,-0.661917386646,0.741159303215
843,-0.110913967802,-0.554698623516,-0.824625690126
141,-0.110655133426,0.65621271346,0.746418325164
2,-0.108274895296,-0.782409511398,0.613279629143
312,-0.107924786136,-0.908838236648,-0.402945778168
771,-0.107653877538,0.0686472916026,-0.991815603833
10,-0.104184558137,-0.697489464781,0.708980976025
376,-0.10218899158,0.961828243885,0.253857911565
275,-0.100846333519,0.873812254454,-0.475691245433
360,-0.099722410417,-0.754368313515,0.648832712203
344,-0.0964270800369,0.707797810381,0.699802885001
931,-0.0944624108669,0.933253571143,-0.346575568791
307,-0.0867832359861,-0.113839657678,0.98970157234
299,-0.083219000304,-0.810732540502,0.579471609105
103,-0.0778568143591,-0.944931242666,0.317873029829
369,-0.0670873207173,0.240817088889,-0.968249152387
276,-0.0650281985126,-0.75663559064,0.650595047918
51,-0.0616701629149,-0.959372995635,0.275318445172
784,-0.0613656844886,-0.990803601261,0.120592190858
689,-0.060041623648,0.893038643282,0.445956259105
989,-0.0548174339338,0.993039335561,-0.104249349949
606,-0.0501934282163,-0.989292170397,-0.137046055599
813,-0.0492463992165,0.291829617537,-0.955201688908
555,-0.0459760545988,-0.17172567615,-0.98407138692
742,-0.0430800239919,-0.957399384879,-0.285535513317
129,-0.0428023684383,-0.65397463169,0.755304665921
386,-0.0393275956036,-0.978522805489,0.202352314942
717,-0.0388058946674,0.908869268711,0.41527190482
503,-0.0365156639411,0.876300945135,-0.480378246638
523,-0.0310021958147,0.973385628648,0.227066690194
605,-0.0309890652863,-0.995758418373,-0.0866305377588
14,-0.0289848944369,0.998797283318,-0.039545704331
109,-0.0285973401123,-0.780238277292,-0.624828314648
875,-0.0262966035192,-0.99003604073,-0.138337004085
628,-0.0262195357612,0.954809761047,0.296058872782
851,-0.0261968223206,-0.556783714696,-0.830244314374
916,-0.0261077528663,-0.504415214894,0.863066437896
673,-0.0224680027263,0.512296353191,-0.858514784591
339,-0.0217246832557,-0.422214810213,0.906235450738
93,-0.0214610763385,-0.419820897023,-0.907353203899
327,-0.0174302774184,-0.960467357544,0.277846433343
594,-0.0143467527194,0.303743590707,0.952645790307
796,-0.0109618050005,0.180956228961,-0.983430059552
647,-0.010883944394,0.423083046727,0.9060255379
533,-0.0105950074493,0.0064673440584,-0.999922956671
683,-0.00770329315094,-0.661013012814,0.750334896007
940,-0.00748180680686,-0.00560286773833,0.999956314266
947,-0.0059975912566,-0.491270040298,0.870986668328
353,-0.00556643932934,-0.979558751127,-0.20108124687
363,-0.00544119147595,0.964529767592,0.263918019211
648,-0.00443725317324,0.724451267221,-0.689311738044
812,-0.00250523132838,-0.68848772122,-0.725243670462
579,-0.00243460703744,-0.83433694094,-0.55124943689
253,-0.000582428448705,-0.800296022468,0.599604817524
377,0.00140832331889,-0.179764881099,0.983708597171
803,0.00150701572061,-0.952393484726,0.304867806032
822,0.005942775462,-0.160257816265,-0.987057301146
708,0.00689897758182,-0.0338190070782,0.999404161923
337,0.0100402269028,-0.348047526669,-0.937423123794
69,0.0124839105684,-0.878961000942,-0.476730228536
205,0.0169322818997,-0.381011632329,-0.924415184784
769,0.0204136968666,0.788472021746,-0.614731772323
990,0.0205365830303,0.803337493926,0.595169824177
160,0.02517230668,0.998377323055,-0.0510791130067
256,0.0274087952032,-0.4675717265,0.883530100519
424,0.0280906651094,-0.354037512836,0.934809260779
773,0.0291679264671,0.478405438702,-0.877654526728
681,0.0306566954827,-0.234990807603,-0.9715140181
219,0.0321524233348,0.9685850864,-0.246595117707
111,0.0323917137923,0.399350078171,0.916226113982
870,0.0353853323698,-0.683517796715,-0.729075647534
910,0.0356288987882,-0.585199798072,-0.810106028806
437,0.035917470834,-0.718594655115,0.694501012907
958,0.039069884989,0.659776516262,-0.750445529453
78,0.0409183527303,-0.943961715894,-0.327508728642
20,0.0409532140802,-0.771491495359,0.634920236601
932,0.0410343404889,0.624512715177,0.779935927806
684,0.0429863073442,-0.99898423163,-0.013516002906
644,0.0448594077893,-0.45197885519,-0.8908999652
505,0.0490203118238,0.99423320564,-0.0953799865397
18,0.0491738910006,0.0101078919867,0.998739084528
527,0.0497596089165,-0.0888571872405,-0.994800674304
96,0.0522284283507,-0.752037651919,0.657047609667
732,0.0527185230326,-0.029687065084,-0.998168039709
102,0.0529828541953,-0.864683667849,-0.499514736235
333,0.0548724318386,0.261564517427,0.963624937124
921,0.0569228534829,-0.0429055637408,-0.997456215255
538,0.0570659907404,0.642668203927,-0.764016395349
903,0.0586602876459,-0.852747369423,-0.519019165923
250,0.060071386023,0.998121850502,-0.0120083359137
225,0.061860917618,-0.743984313393,0.665327414359
384,0.0649733514235,0.653669253783,0.753986054423
306,0.0651818316689,-0.965544814122,0.251941542311
972,0.0655596742848,-0.99674770163,-0.0468609475175
502,0.0663723785195,0.103237873904,0.992439745658
835,0.0714367311883,0.875660980029,0.477613485459
988,0.0714738313675,-0.991774146322,0.106186317939
68,0.0759491985462,0.745408362795,-0.662267387024
965,0.0759630410828,0.163292934303,0.983648836728
168,0.0763591530663,0.296632738051,-0.951933977994
710,0.0766627813499,0.187211933205,-0.979323496104
208,0.079364453101,0.214409632849,-0.973514146238
81,0.0809676845953,-0.0307124596031,0.996243433542
861,0.0824718593999,0.954717257123,-0.285855472851
970,0.0825373112689,-0.200498433976,-0.976211027505
178,0.0836523897276,-0.654299801249,-0.751594337245
170,0.084803170341,0.18233837668,0.979571916038
801,0.0866320070662,0.641827923742,0.76193950656
192,0.0869475794275,-0.978978930286,0.184500331945
3,0.0895219500812,0.0790150909995,0.992845625386
400,0.0913710230535,0.990015996787,0.107329689522
695,0.0924330932238,0.983115141667,-0.157926380009
434,0.0951612804051,0.112133063431,0.989126132906
627,0.095681636227,0.844947299989,-0.526221516787
94,0.0966631218381,0.931179988557,-0.351511123277
954,0.0984350839723,-0.650484712634,-0.753113652029
927,0.0990126436708,-0.082123902505,0.991691565473
16,0.0990457428432,-0.616958997737,0.780737815106
107,0.102433606277,0.291830858491,-0.950969035425
435,0.107069932425,-0.0218995751232,-0.994010280721
175,0.110497998972,0.338197139585,0.934565614069
138,0.113577581765,-0.966451040999,0.230374734449
352,0.114136867272,0.993330112078,-0.0163726591582
310,0.11699755634,0.480322381916,0.869253692107
364,0.118975445421,0.0672798451113,0.99061509469
405,0.124701560994,-0.53141870005,0.837880472337
584,0.129454127363,0.479833872779,0.867756350275
610,0.130797637905,-0.241818665656,-0.96146539764
288,0.131513599078,-0.837320489518,-0.530658620104
8,0.132848774041,0.680050258132,0.721029021365
263,0.133120248378,0.972327147796,-0.191986762903
46,0.133846570082,0.984026383155,-0.11737620258
73,0.135965626638,0.97822811331,-0.156790008299
449,0.136240000609,-0.476545884738,0.868529033466
221,0.137071338343,0.920676286225,0.36546767872
767,0.138926114169,-0.93279285181,-0.332561318278
113,0.140844107546,-0.951234963688,-0.274435750634
199,0.142393037183,-0.940530816051,0.308425042791
541,0.142485064494,0.833197289953,0.534303548941
407,0.142577206861,-0.981055633764,0.131154807548
871,0.14809772264,0.976118229962,-0.158934784374
591,0.148170034939,0.957576433308,-0.24717001258
929,0.149599309576,-0.960718319937,0.233752767496
959,0.151689196198,0.929981752146,0.334849710217
511,0.156079444062,0.0687386479441,-0.985349788359
348,0.157196579441,-0.0356223392244,0.986924659921
12,0.159233833833,0.12690227569,0.97905076405
908,0.163086768315,0.588484391537,-0.791889403211
814,0.163690122083,0.409809729344,-0.897363655197
585,0.168565078012,0.845638290792,0.506440219198
136,0.170269738782,-0.322960620904,-0.930969738176
411,0.178015623899,0.546497451834,-0.81832204711
509,0.180074903349,-0.345042940407,-0.92115058403
977,0.181589951716,0.982600494302,0.0390045898933
971,0.181715200656,-0.977291426688,-0.10900024391
697,0.184873879549,0.835030523176,0.518213926892
294,0.185071419203,0.888971975601,0.418900222475
643,0.193180627738,-0.719647518155,-0.666924804368
45,0.19356092327,-0.40563240153,0.893306511681
295,0.195051534406,-0.852528386523,-0.484922931092
4,0.195562562112,-0.975664063434,0.0991711632693
693,0.196655560235,0.64847300444,0.735397411704
734,0.196949830102,0.909770021879,-0.365416572849
174,0.205112286062,-0.965067455628,-0.163014588897
641,0.206303079917,-0.681661561999,-0.701980451373
43,0.206965651907,-0.29466714135,-0.932918267985
53,0.208621375127,0.971891689974,0.109103917436
992,0.213275117966,-0.949058702152,-0.231951080892
618,0.215237372822,0.913595076925,0.344988273365
593,0.21853690417,-0.964390462413,-0.148972002481
900,0.219571257737,0.475097374593,-0.852097968212
391,0.220704236676,0.772584130873,0.595317898805
59,0.226622501973,-0.857477269245,-0.46192529085
466,0.22774175184,-0.156693149715,-0.961031191638
50,0.230437376362,-0.915490495003,-0.329811717703
631,0.231873857222,0.758936645155,0.60848145656
517,0.233196127039,-0.372821888359,-0.89812215533
662,0.234946639291,-0.590969691147,0.771722035989
35,0.235651988499,0.88025314999,-0.411852561299
964,0.236264463826,0.814055398406,0.530559055581
660,0.237635755328,0.933176119848,-0.269650843008
211,0.24126006468,0.0453912137118,0.969398379877
11,0.243733058661,-0.509230581659,-0.825395911559
86,0.244697623185,-0.545960526508,-0.801280335902
206,0.247463441889,0.953720836726,-0.170816891799
287,0.248300927947,-0.346162264839,0.904720031602
906,0.2523569085,-0.842157632721,-0.476535950776
443,0.254275281565,-0.919124934943,-0.300920978252
685,0.254448109275,0.181281966797,-0.949943686858
440,0.25448923286,0.855467231266,-0.451011137986
561,0.25520848132,-0.963176476675,0.0846150450088
518,0.257117836719,-0.68558946448,-0.681070851112
674,0.259073180719,-0.947215536555,-0.188848654591
315,0.259560332745,-0.0250253377185,-0.965402592775
920,0.262548276584,-0.463223754658,-0.846458596497
820,0.262706808663,0.713439862756,0.649606569327
912,0.263074199241,0.19281525086,0.945311718287
32,0.269581569347,-0.939972798473,0.209229337327
890,0.271620516522,-0.931805784751,-0.240749401886
258,0.273414380444,-0.684160754249,0.676142469389
943,0.28113137472,-0.936722361897,0.208605769022
521,0.282424567446,-0.291278153273,-0.913998578297
7,0.282467668175,-0.00534413091854,-0.959261933312
974,0.283004967088,-0.403825516121,0.869961574515
261,0.284096585094,-0.41213280314,-0.865699533853
92,0.286259275298,0.607956835951,0.740570126947
950,0.288773830403,0.957260404644,-0.0161923616012
365,0.289412715735,-0.817581274562,0.497796283089
577,0.289803200086,-0.373047632186,0.881390701868
499,0.291695056727,0.441154091648,0.848703164424
159,0.293552298974,-0.478221477072,-0.827726565137
850,0.294668267207,0.735327246706,-0.610298658489
216,0.294980919837,-0.955409979641,0.0133427034462
248,0.300640488949,0.326161081061,-0.896233365595
781,0.303182773947,-0.506548964516,-0.807148283855
747,0.308736878688,-0.814207828989,-0.491677893493
790,0.308985971297,0.836887955693,0.451825429959
201,0.310193143672,-0.927775899243,-0.207393573678
615,0.312631483397,0.876906060139,0.365099051328
489,0.31288357296,-0.947107971651,-0.0713467575115
385,0.313180102362,0.949679775826,-0.00515236561171
147,0.315548311284,-0.163910912772,0.934645641899
242,0.315658361498,-0.445563997395,-0.837754452714
319,0.318058286007,-0.921219214004,-0.224040367906
308,0.318100775805,0.859238043243,-0.400651820757
480,0.325806634729,0.502788597729,0.800658268402
546,0.325964828037,0.457873677581,0.827102548818
133,0.326955017951,-0.910291320163,-0.253909686054
222,0.327468026683,-0.103388623159,-0.93918873721
539,0.327776015308,0.91756023046,0.22504690015
715,0.328767962997,0.868466351128,-0.371049623994
416,0.331721987226,0.193517877668,0.923315414262
656,0.332256544364,0.101808431655,-0.937678320092
718,0.334232101178,-0.575141116534,-0.746660296664
508,0.337090374313,-0.675384886024,0.655915646463
564,0.337287076201,0.184747802975,-0.923095703339
868,0.337596820603,0.848608770957,0.407297852405
756,0.341977612397,0.040450264012,-0.938837093835
98,0.342376180624,-0.651543933493,0.676955725044
550,0.343480626175,0.329776009574,-0.879357062263
817,0.344248267623,0.651826899415,0.675732804767
176,0.345204609739,-0.232510735162,-0.909270331337
672,0.347262872585,0.425464467712,-0.83569640662
963,0.347648983041,-0.937569537557,0.0101757965956
609,0.348801251026,0.895184989,-0.277455442824
229,0.351675563853,0.935323907215,-0.0386456515125
572,0.356260565723,-0.66709533442,0.654264643784
719,0.357269278939,-0.494360276506,0.792443423431
852,0.357340286931,0.783909769314,-0.50773358458
678,0.35751505183,0.267712584565,-0.894713898283
120,0.360831003788,-0.916544938254,-0.17247133926
390,0.363336731615,0.463908642516,0.807945041979
417,0.366465716086,-0.469901859535,0.803053622954
744,0.367804336628,0.512856108463,-0.775692324294
704,0.37047533929,-0.0608997808498,0.92684369754
184,0.374836638529,0.92140532663,0.102516917988
89,0.375906292658,0.355502721306,-0.85575246087
942,0.37687593376,-0.915277580959,-0.142237408391
804,0.379648247909,0.883828392982,-0.273339678092
74,0.379788092346,0.924342080374,-0.0367793877191
445,0.382388455243,-0.831785447158,-0.402382950922
690,0.384581717016,0.877111564569,-0.287701592343
636,0.388204126255,0.489674888649,-0.780715095144
165,0.388752094552,0.81307871345,-0.433329914403
787,0.388924312036,-0.750332915867,-0.534545035402
985,0.389725748594,0.383701737258,0.837189833734
938,0.390510248333,0.864963985423,0.315180979546
396,0.392197561923,-0.879301523795,-0.270203446818
506,0.394551529275,-0.00545463021508,0.918857626488
106,0.394732782294,-0.639398576053,-0.659814740305
436,0.396389781923,0.0166186526544,-0.917931893536
235,0.396818497239,0.405168369668,-0.8236344289
758,0.398344241299,0.883284586404,-0.247245232198
181,0.402840382434,0.813404480321,0.419634099751
373,0.406051252177,0.606818792789,0.683295933929
451,0.407668777074,0.124078467234,-0.90466054527
285,0.409467241682,0.859109045481,0.307031311045
95,0.410144418452,0.908128647469,0.0841660006112
115,0.41099300723,0.238476876705,0.879894043215
172,0.413018630604,0.875089987093,0.252256070816
161,0.413172595441,0.818854783642,-0.398453572808
632,0.41359003127,-0.453085017448,0.789719730663
350,0.419170880394,0.366700384932,0.830558005633
280,0.421584094686,0.780271132867,0.461999794721
576,0.42239676066,0.497751031469,-0.757512301718
325,0.424608709238,0.338664925703,0.83965082751
770,0.425598286217,-0.0869629746814,0.900723897653
998,0.426088535973,-0.397174500524,0.81283514666
746,0.428049385751,0.793768813862,-0.432093500875
736,0.428740400389,0.438704755928,-0.789759334355
828,0.428975279935,-0.869465729689,-0.244968475727
65,0.430175880194,0.74075857075,-0.515970398336
522,0.432494151603,0.897465908363,0.0866242007487
331,0.434024803401,-0.247940924933,-0.866110713348
599,0.437540932256,-0.74992805616,0.496151028603
633,0.438554093346,-0.734209363643,-0.518273014489
655,0.439921880453,-0.825688058201,0.353140155805
764,0.441474337944,0.896725260146,0.0313722290009
198,0.443022244891,0.878919384078,0.176725795578
478,0.443776644717,0.754388670251,-0.483694142821
80,0.443958256454,-0.78675756678,-0.428851486695
725,0.445158410982,-0.246371575601,0.860892000118
412,0.445203295104,-0.0843396480314,0.891448736495
694,0.445945917892,-0.72933973688,0.518840810388
650,0.447418695863,-0.339968112118,0.827186915597
766,0.448251436868,0.854464411267,0.262604682411
37,0.449563472105,-0.853094745543,0.26480566398
418,0.450394000866,0.888365726262,0.0891716344275
721,0.450916304303,0.0259886823859,-0.892187802484
540,0.452372833206,-0.69228103366,0.562232861199
757,0.452590033204,0.074116083729,-0.888633258424
1,0.455673367159,-0.837292176695,0.30216484459
194,0.456210797821,0.888317164898,-0.0525768247318
202,0.457682109683,-0.817936890326,0.34857758092
122,0.458431527767,-0.888199395215,-0.0306980241889
139,0.462534025382,0.642526737966,0.610918706836
924,0.464148883848,-0.109108476863,0.879011464032
131,0.464455601643,-0.740436574978,-0.485833996894
706,0.467948941235,0.765519687631,-0.441591888792
661,0.473801141564,-0.385574090328,0.791735498206
987,0.477519372653,0.878614015677,0.00355811693661
464,0.478380185299,-0.250785136604,-0.841581376678
105,0.478870702332,-0.754279814604,0.449160118141
601,0.479332877195,-0.738636194628,0.473979498317
560,0.480096903942,0.729600001999,-0.487022381322
371,0.486502826826,0.12457255196,0.864752380042
361,0.488683513457,0.090248725517,0.86778084285
629,0.491352047188,0.857681541815,0.151510852927
458,0.49242141524,0.787772785789,0.370047548003
167,0.493499253827,0.824298946762,-0.277470237754
72,0.494537986512,0.477776773585,0.726058905681
536,0.494882136736,0.65034634031,0.576317020732
456,0.498658732648,-0.121037437659,-0.858306126646
212,0.503747457802,0.856601024281,-0.111683409508
243,0.504558566266,0.603905675842,0.617023976757
775,0.505409003817,0.669533446315,-0.544322241991
217,0.506885591496,-0.0491597622202,-0.860610431562
991,0.509591509135,0.85628354711,0.0842317087988
38,0.510039103207,0.857436308436,-0.0682868228599
125,0.511670928558,-0.423438060982,0.747591512379
793,0.513171179046,0.828734587907,-0.223280818262
712,0.517732172182,-0.339765173269,0.785183433932
794,0.518032506949,-0.572731179404,0.635311984684
760,0.52171254118,0.675089442049,0.521603555979
722,0.521866859046,0.535085992987,0.664332719003
575,0.523254561938,-0.734713026356,-0.431742321661
826,0.525044608777,0.671427374579,0.522985123555
447,0.529597927168,0.549133886169,-0.646512189058
777,0.52999638327,-0.412223134116,0.741064046774
485,0.536641979375,-0.739224268158,0.406894172161
197,0.537984483867,0.687395629264,-0.487913869435
761,0.540745422387,-0.462184315759,0.702837140761
187,0.542044660564,0.78832974551,-0.291073527305
727,0.543471262723,-0.20795104118,0.813262166258
753,0.545477168254,-0.323555694805,-0.773153523741
531,0.547422028905,0.488392886913,0.679559791543
669,0.550072770998,0.0941203361344,-0.829795944153
140,0.551029280172,-0.703067103242,-0.449514605693
692,0.551868316155,-0.831955274904,-0.0573740549677
810,0.553551272221,-0.825399614243,-0.110889430652
49,0.557497429058,0.205649093654,-0.804304088559
731,0.559469922866,-0.190081689678,0.806760408459
486,0.560041087423,-0.370893996698,0.740804713546
598,0.561205526544,-0.740028012741,-0.370684363488
200,0.561589941169,-0.702662544162,0.436900545902
24,0.565485975102,-0.769817584094,0.295983950886
368,0.566062578166,-0.590989025073,0.57472178473
667,0.566939530923,0.771915470521,0.287621408534
85,0.569504207167,-0.788316718014,0.23285555634
558,0.577680926857,0.127468015593,-0.806248504957
408,0.57840525558,-0.472360402189,-0.66507368822
881,0.580176580931,0.687960153277,0.43601142467
127,0.582326780293,-0.558481036786,0.590757524289
865,0.583843776835,-0.352768569396,-0.731218695533
409,0.585661599253,0.346303361675,0.732853650365
493,0.585840554087,-0.56680973557,-0.579238783965
530,0.587023986065,0.420345046404,-0.691890801896
293,0.591148399695,-0.657947558059,-0.466528220349
234,0.591265535803,-0.481169706553,-0.647209996576
513,0.592261304229,-0.43476184346,-0.678386826954
844,0.593119761234,-0.344431254148,-0.727719767493
457,0.593155436351,-0.683036972256,-0.426177337335
475,0.598819474881,-0.7927502184,0.113852218817
126,0.599159367221,0.757352529322,-0.259663626641
419,0.602553616169,-0.40429697542,0.688093812868
268,0.603661388718,-0.580420295826,0.54653930139
507,0.60714154923,0.644368205001,0.464939518198
529,0.609128412822,-0.312726214179,0.728810600677
856,0.617169751796,-0.309245483749,0.723511387781
688,0.617308369402,-0.385455901966,0.685823683395
551,0.618305013237,-0.458585533725,0.638277540623
737,0.618374243033,0.473674310639,-0.627093249042
759,0.622516426299,-0.117288434226,0.77376787358
619,0.627344206746,-0.762471893713,0.15835358398
282,0.629422380722,0.77323406263,-0.0770490171
370,0.629821921224,0.633647274542,-0.44923877728
207,0.631968955479,-0.346080441841,-0.69342884789
311,0.633232480604,0.773732246723,-0.0188423960665
71,0.633376409974,-0.765843100392,0.110989498917
571,0.633746179118,-0.341703936237,0.693977089257
548,0.639199093798,-0.314026241148,-0.702005725303
666,0.641154814334,0.713436324976,-0.282717375239
679,0.641308043729,0.563554165279,0.520702118149
862,0.648584613878,-0.0523417388547,0.759340727878
653,0.649025700777,0.383382387877,0.657102415455
66,0.651034409722,0.685992078565,-0.324913935534
800,0.651259195046,-0.634597930562,-0.416109273382
878,0.656926959764,-0.303483200819,0.690177452801
740,0.660584019731,0.520480417205,0.541044257139
381,0.661095838445,0.502694807893,0.557001097402
314,0.661543048664,0.595075433037,-0.456339811718
114,0.662005229836,0.561827569609,-0.496083518873
894,0.662329777184,0.167006930903,-0.730361520951
239,0.662733657033,0.282327683405,0.693595832613
996,0.663977139322,0.664372563097,-0.343137663135
670,0.665476013728,0.673110146539,-0.322590151399
259,0.666173124952,0.727214017239,0.165448302265
563,0.666877965889,0.436045896049,-0.604266294899
823,0.667340553207,0.615706168429,0.419001790216
885,0.66761837488,-0.526665005503,0.52622208002
182,0.675268200433,0.678942991427,0.28818270572
845,0.675820278622,0.419332135592,-0.606157991833
453,0.680160956687,0.250879816549,-0.688796334664
421,0.685009823938,0.035859768018,0.727650752866
380,0.687428994261,0.61755946718,-0.382180170006
879,0.687923317167,0.503048350692,-0.523167149737
617,0.689843364733,-0.719845051344,-0.0770664271183
313,0.690222229347,-0.491428342029,-0.531122828323
904,0.694869866541,-0.11628482661,-0.709671549151
487,0.69659370278,0.49341998326,0.520858842074
786,0.697951347751,-0.65600786619,-0.287258760821
6,0.702840644258,-0.15249919792,0.694808623589
834,0.70358673921,-0.646138817195,0.295753832302
668,0.707669108314,-0.643601723447,-0.291515445071
289,0.707954321369,0.705497354503,-0.0327744053154
330,0.709090599765,-0.677798929753,0.194368547224
608,0.711114341169,-0.700866303435,0.0557029486868
214,0.714870407725,-0.123603911025,0.688245866924
877,0.722855068675,0.470201657369,-0.506350620715
317,0.723223877053,0.66626105091,-0.18177853476
621,0.728011113799,0.235490857717,0.643850816662
231,0.72863184024,0.587826436589,0.351504938565
232,0.731718060762,-0.551034010585,0.401185990201
342,0.733459690175,0.101327637521,0.672138075668
469,0.7371355938,-0.405542735974,0.540524010245
524,0.737767446923,-0.49727446922,-0.456527432388
713,0.73871447416,0.251370205888,0.625391033881
277,0.73887845853,-0.471537979127,-0.48136322851
860,0.74028045804,0.508025986448,0.440334464399
846,0.742104643281,-0.605115618374,-0.288298086744
13,0.74606621242,-0.562902298868,0.355705227141
292,0.748189220816,-0.473339907954,0.464932491221
123,0.752849263863,-0.329760928706,-0.569627699291
743,0.753715779535,0.531021540836,0.387206207141
355,0.757020658773,-0.0331813808279,0.652547866564
241,0.757692196141,-0.158496299913,0.633073028032
780,0.761900047179,-0.44951399909,-0.466310500344
821,0.762905712235,-0.170367615723,0.623658359803
15,0.769872944478,0.0541073767427,0.635899395457
62,0.770843728811,0.37990697301,0.511341996721
907,0.772117794071,-0.497214704689,0.395741897605
933,0.774355795966,0.616058928698,0.144376236362
272,0.775721673495,0.0926659264507,-0.624234660481
603,0.778538231811,0.620115238399,0.0966194220353
118,0.778932100129,-0.596594336497,0.193235558445
701,0.778977000701,0.556474685644,-0.289016879464
951,0.781769264214,0.101201518903,0.615300796442
745,0.78764963485,0.553864568932,-0.269892741661
918,0.788326126666,0.326928892538,0.521209571324
549,0.791741488736,-0.418233645892,0.445225821867
30,0.796474903292,-0.506031999666,-0.330997498087
237,0.798974641279,0.510742114861,-0.317461831878
547,0.804992689229,0.485686932051,-0.340727125899
649,0.807618645536,0.426759240038,0.406975029239
779,0.811442340386,-0.583482698977,0.0333056785452
410,0.814657632417,-0.567805585817,0.118024398579
367,0.817407234885,0.0469557881806,-0.574143332551
699,0.818227334292,0.127666045138,-0.560540284312
362,0.818900277046,0.510551675679,0.262181850471
799,0.819376785533,-0.293025718045,0.492704385909
842,0.821398387125,0.557720075359,0.119385958849
638,0.826632233191,0.552193302904,-0.108451405138
84,0.826961359524,-0.559764872002,-0.0528979954893
366,0.827912119374,0.321086180637,-0.459853440998
730,0.82792238176,0.231419052431,-0.510871561111
471,0.829146358563,0.134361365963,-0.542644763559
802,0.831793582962,-0.515027328417,-0.207041750203
729,0.832204478705,0.171756840918,0.527195687787
492,0.833092774922,-0.0988643208579,-0.544226308106
859,0.834313189068,-0.444120379773,-0.326616886914
658,0.83734730579,0.54027839834,-0.0833591133132
75,0.837833181801,-0.147662726911,0.525577090972
597,0.837888838566,-0.12338473734,-0.531712799167
543,0.838285768418,-0.339724310907,-0.426455581563
28,0.845065401156,-0.534660606312,-0.00158234879161
917,0.845805794025,0.402573509868,-0.350067319164
827,0.848023906181,-0.252682093251,0.465840331332
634,0.850239882432,0.480922782175,-0.214022007996
209,0.851426610398,-0.372596840578,-0.369112884491
897,0.85503783481,0.457942494107,-0.243308391007
720,0.8554630358,0.020076045095,0.51747458565
100,0.85743759411,-0.49654253319,-0.135078810104
703,0.858531248508,-0.173729741044,-0.482433490143
902,0.860164980513,-0.340198594401,-0.379975160592
150,0.861742843191,-0.0887233465504,-0.499527216462
183,0.865030980812,0.285086535503,-0.412852358005
778,0.866507921318,0.211027201556,0.452362180665
562,0.868982566867,0.402446174191,-0.287934672034
465,0.869506625485,-0.360644583357,0.33748142576
47,0.871170149429,-0.0504797781529,0.488379322599
328,0.873158905989,-0.112395759521,-0.474300240496
623,0.877554916835,-0.327400974579,0.350294118969
346,0.879942627896,-0.464728347625,0.0986333337465
534,0.881225322375,0.087862185627,0.464459005233
873,0.884822302861,0.0828936579313,-0.458495511248
981,0.887317010926,-0.046449835254,-0.458814706528
271,0.887665582387,0.460084775619,0.0192824554905
156,0.888589370955,0.453480311202,0.0690256269639
889,0.892380481331,0.427303477957,-0.145151005044
432,0.896618635882,0.194173329172,-0.397959470333
395,0.89936392893,-0.200830890094,0.388344533788
166,0.899435573334,0.167418121655,0.403716264178
406,0.899731143766,0.126504308149,-0.41770866517
144,0.901877631342,-0.293924316288,-0.316583692536
946,0.903278215683,0.0601131105056,-0.424823350369
935,0.904303660136,0.233641299199,-0.357276690498
995,0.904482054403,-0.426222325184,0.0157080481435
142,0.905943533026,-0.202744754547,0.371699985838
554,0.906910196875,-0.231991462341,-0.351701373619
349,0.908731474459,-0.352382154948,0.223682641708
55,0.912920784899,0.121980927081,0.38948208422
143,0.913964264295,0.385756895708,-0.125940227907
808,0.9141565284,0.36923817433,-0.167275258784
785,0.917842496933,-0.275296727938,-0.285966540717
596,0.918587814777,0.357084916267,0.169371748287
714,0.921727151688,0.0549697659025,0.383923667775
949,0.928200947531,0.18087182949,0.325159010794
233,0.929382185895,-0.1538396063,0.335532603594
247,0.932707964718,-0.342644204035,0.112475784029
413,0.933137687281,-0.238460319809,-0.269055259105
500,0.933314853439,-0.189248750017,-0.305136518572
17,0.936701160189,-0.138441340094,0.321597468667
428,0.937091568169,-0.189755713817,-0.293005395754
26,0.937358601266,0.0203315831588,-0.347772165877
825,0.937407821012,0.213559413979,0.275061727267
566,0.939068945012,-0.00607057786883,-0.343675231283
479,0.939522438544,-0.255811791933,0.227723329022
425,0.940247202855,0.117410515928,0.319609086655
70,0.940867943176,0.249018834203,0.229689211143
279,0.941938364789,0.27359377165,-0.194675537891
31,0.942134160132,-0.122567836471,0.312026200463
748,0.942439989779,0.280702029671,0.181695449045
22,0.942867845296,-0.321372615942,-0.0878627795428
700,0.943154293745,-0.308339384802,-0.124043548685
450,0.944195213236,-0.295634758012,-0.145242862674
215,0.946936352957,0.277987335621,-0.161352361877
691,0.947849371568,-0.315515023398,0.0450759229267
625,0.950909913038,0.30195577799,-0.0677720106293
63,0.952168778029,-0.291896294879,-0.0903945307093
588,0.952264232174,0.221551292687,0.210018705906
973,0.952349614708,-0.210288515901,-0.220927480059
957,0.952594874009,-0.303845038706,0.0155305655516
498,0.952660131678,-0.292359937817,-0.0834526229078
832,0.953196071539,0.229436115879,-0.196917033121
663,0.953259196129,0.0656939251916,0.294925775726
763,0.954670705169,-0.242897300428,-0.172060297966
565,0.955561144425,-0.273206313698,-0.110730345525
909,0.955961139808,0.147846530539,-0.253534420906
783,0.957513093424,0.288281191095,0.00791396127817
320,0.9585785696,-0.237463079553,-0.157284493049
117,0.959180514885,0.273721492857,0.0710583155795
169,0.960180929237,0.0957785422219,0.262448192945
602,0.961220440742,-0.177038449337,0.211453663376
532,0.961506568487,-0.248978634434,0.116252992875
347,0.96574324679,0.0686874375979,0.250243915403
264,0.96909055545,0.146838304495,-0.198247339632
52,0.970206974484,-0.166055954645,-0.176419518729
151,0.970656125751,0.135553402209,0.198625176378
383,0.972692114869,-0.127400752369,-0.194007984287
238,0.975693676818,-0.0261801789425,0.217569407887
477,0.976213512349,0.0751915171286,-0.203355388567
967,0.977182136282,0.0126385140368,-0.212026744762
5,0.980046903909,0.195748931228,-0.0345024935503
389,0.981402892211,0.111659463986,0.156142650365
515,0.983733314463,-0.149670336137,-0.0993355751839
583,0.984341924546,-0.0122409275467,-0.175844065223
155,0.986102998216,0.143833467366,0.0831433134702
108,0.987746371505,-0.154085035397,0.0247973273764
64,0.989608929038,-0.119313572908,0.080239883399
809,0.993466863664,0.0839590568644,0.0772946801005
811,0.99421205769,0.0713456086359,0.0803255156931
393,0.996840040181,0.074659963291,0.0271260792254
911,0.998592724234,0.0320073193829,-0.0422859623562
